id,authentic_path,manipulated_path,manipulation_type,suspicious_region,name,surname,given_names,dob,issue,expiry,doc_no,nationality,sex,split
SD_00000,authentic/SD_00000_authentic.jpg,manipulated/SD_00000_text_change.jpg,text_change,"[205, 150, 650, 173]",Arjun Sharma,Sharma,Arjun,19870405,2013-12-04,2018-10-14,B0133890,AUS,M,validation
SD_00001,authentic/SD_00001_authentic.jpg,manipulated/SD_00001_photo_change.jpg,photo_change,"[45, 100, 165, 250]",Kiara Mehta,Mehta,Kiara,19980125,2020-03-23,2030-06-09,E3511615,GBR,F,train
SD_00002,authentic/SD_00002_authentic.jpg,manipulated/SD_00002_number_change.jpg,number_change,"[205, 188, 650, 211]",Vivaan Bose,Bose,Vivaan,19990703,2018-09-10,2028-10-07,W1034131,CAN,F,train
SD_00003,authentic/SD_00003_authentic.jpg,manipulated/SD_00003_date_change.jpg,date_change,"[205, 264, 650, 287]",Sara Kulkarni,Kulkarni,Sara,19930612,2013-04-22,2023-12-22,U1928327,CAN,F,validation
SD_00004,authentic/SD_00004_authentic.jpg,manipulated/SD_00004_copy_paste.jpg,copy_paste,"[205, 140, 500, 175]",Diya Malhotra,Malhotra,Diya,19730126,2013-06-13,2023-02-07,S5376724,USA,M,train
SD_00005,authentic/SD_00005_authentic.jpg,manipulated/SD_00005_clone.jpg,clone,"[430, 270, 580, 305]",Anaya Bose,Bose,Anaya,19970712,2024-04-05,2034-02-25,B1226916,CAN,F,train
SD_00006,authentic/SD_00006_authentic.jpg,manipulated/SD_00006_compression.jpg,compression,"[0, 0, 700, 455]",Anaya Iyer,Iyer,Anaya,19701204,2020-11-18,2030-11-11,D4627048,USA,M,test
SD_00007,authentic/SD_00007_authentic.jpg,manipulated/SD_00007_mixed.jpg,mixed,"[45, 100, 650, 250]",Aadhya Malhotra,Malhotra,Aadhya,20020405,2024-06-25,2029-09-25,Q0957015,GBR,M,validation
SD_00008,authentic/SD_00008_authentic.jpg,manipulated/SD_00008_text_change.jpg,text_change,"[205, 150, 650, 173]",Vivaan Mehta,Mehta,Vivaan,19751216,2011-02-25,2016-03-22,P8248963,AUS,M,train
SD_00009,authentic/SD_00009_authentic.jpg,manipulated/SD_00009_photo_change.jpg,photo_change,"[45, 100, 165, 250]",Aadhya Joshi,Joshi,Aadhya,19930915,2018-02-08,2023-02-11,A9839301,SGP,M,train
SD_00010,authentic/SD_00010_authentic.jpg,manipulated/SD_00010_number_change.jpg,number_change,"[205, 188, 650, 211]",Neel Patel,Patel,Neel,19720603,2023-09-08,2033-11-16,G8299737,CAN,M,train
SD_00011,authentic/SD_00011_authentic.jpg,manipulated/SD_00011_date_change.jpg,date_change,"[205, 264, 650, 287]",Arjun Patel,Patel,Arjun,19970714,2020-08-28,2025-11-21,U1065133,USA,F,validation
SD_00012,authentic/SD_00012_authentic.jpg,manipulated/SD_00012_copy_paste.jpg,copy_paste,"[205, 140, 500, 175]",Rohan Rao,Rao,Rohan,19990215,2020-09-04,2025-11-18,A1326773,CAN,M,train
SD_00013,authentic/SD_00013_authentic.jpg,manipulated/SD_00013_clone.jpg,clone,"[430, 270, 580, 305]",Rohan Joshi,Joshi,Rohan,19700526,2016-08-10,2026-12-24,Z8723430,AUS,M,train
SD_00014,authentic/SD_00014_authentic.jpg,manipulated/SD_00014_compression.jpg,compression,"[0, 0, 700, 455]",Diya Sharma,Sharma,Diya,19730817,2019-09-06,2024-09-03,F1913619,USA,M,train
SD_00015,authentic/SD_00015_authentic.jpg,manipulated/SD_00015_mixed.jpg,mixed,"[45, 100, 650, 250]",Aditya Joshi,Joshi,Aditya,20030507,2023-11-23,2033-04-09,M2475107,AUS,M,train
SD_00016,authentic/SD_00016_authentic.jpg,manipulated/SD_00016_text_change.jpg,text_change,"[205, 150, 650, 173]",Aditya Iyer,Iyer,Aditya,19830505,2018-06-03,2023-06-10,F7849808,GBR,M,train
SD_00017,authentic/SD_00017_authentic.jpg,manipulated/SD_00017_photo_change.jpg,photo_change,"[45, 100, 165, 250]",Kabir Rao,Rao,Kabir,19770224,2024-09-05,2034-05-20,G5348740,IND,F,train
SD_00018,authentic/SD_00018_authentic.jpg,manipulated/SD_00018_number_change.jpg,number_change,"[205, 188, 650, 211]",Anaya Sharma,Sharma,Anaya,19700321,2015-05-06,2025-09-23,N8011280,GBR,M,train
SD_00019,authentic/SD_00019_authentic.jpg,manipulated/SD_00019_date_change.jpg,date_change,"[205, 264, 650, 287]",Kiara Verma,Verma,Kiara,19720626,2014-01-12,2019-11-08,V1586923,USA,M,validation
SD_00020,authentic/SD_00020_authentic.jpg,manipulated/SD_00020_copy_paste.jpg,copy_paste,"[205, 140, 500, 175]",Rohan Bose,Bose,Rohan,19910726,2022-11-28,2027-05-06,Z1607337,GBR,F,train
SD_00021,authentic/SD_00021_authentic.jpg,manipulated/SD_00021_clone.jpg,clone,"[430, 270, 580, 305]",Neel Mehta,Mehta,Neel,19710413,2020-06-09,2025-05-12,U8685014,USA,F,validation
SD_00022,authentic/SD_00022_authentic.jpg,manipulated/SD_00022_compression.jpg,compression,"[0, 0, 700, 455]",Vivaan Patel,Patel,Vivaan,19971226,2020-06-14,2025-07-19,G4060883,GBR,F,train
SD_00023,authentic/SD_00023_authentic.jpg,manipulated/SD_00023_mixed.jpg,mixed,"[45, 100, 650, 250]",Aditya Kulkarni,Kulkarni,Aditya,19910622,2019-02-24,2029-09-10,V6564823,CAN,F,train
SD_00024,authentic/SD_00024_authentic.jpg,manipulated/SD_00024_text_change.jpg,text_change,"[205, 150, 650, 173]",Rohan Desai,Desai,Rohan,19890927,2016-01-10,2026-04-14,Z9957773,AUS,F,train
SD_00025,authentic/SD_00025_authentic.jpg,manipulated/SD_00025_photo_change.jpg,photo_change,"[45, 100, 165, 250]",Rohan Kulkarni,Kulkarni,Rohan,19750922,2014-11-20,2024-02-27,Y3433200,USA,F,test
SD_00026,authentic/SD_00026_authentic.jpg,manipulated/SD_00026_number_change.jpg,number_change,"[205, 188, 650, 211]",Aditya Kapoor,Kapoor,Aditya,19961007,2024-12-23,2034-08-13,H2016328,CAN,M,train
SD_00027,authentic/SD_00027_authentic.jpg,manipulated/SD_00027_date_change.jpg,date_change,"[205, 264, 650, 287]",Neel Malhotra,Malhotra,Neel,19770326,2017-08-22,2027-08-20,X8687277,GBR,M,test
SD_00028,authentic/SD_00028_authentic.jpg,manipulated/SD_00028_copy_paste.jpg,copy_paste,"[205, 140, 500, 175]",Tara Kulkarni,Kulkarni,Tara,19850803,2014-12-10,2019-05-11,K8122362,SGP,M,train
SD_00029,authentic/SD_00029_authentic.jpg,manipulated/SD_00029_clone.jpg,clone,"[430, 270, 580, 305]",Aditya Joshi,Joshi,Aditya,19960915,2019-07-02,2024-07-13,Y9096705,GBR,F,train
SD_00030,authentic/SD_00030_authentic.jpg,manipulated/SD_00030_compression.jpg,compression,"[0, 0, 700, 455]",Kiara Iyer,Iyer,Kiara,20040416,2024-04-09,2034-08-01,M5627298,IND,F,test
SD_00031,authentic/SD_00031_authentic.jpg,manipulated/SD_00031_mixed.jpg,mixed,"[45, 100, 650, 250]",Aarav Patel,Patel,Aarav,19970806,2017-01-09,2027-06-07,O5564641,CAN,M,train
SD_00032,authentic/SD_00032_authentic.jpg,manipulated/SD_00032_text_change.jpg,text_change,"[205, 150, 650, 173]",Vivaan Nair,Nair,Vivaan,19840225,2020-11-02,2025-04-07,A9232719,USA,F,test
SD_00033,authentic/SD_00033_authentic.jpg,manipulated/SD_00033_photo_change.jpg,photo_change,"[45, 100, 165, 250]",Anaya Singh,Singh,Anaya,19931020,2013-12-23,2018-03-10,D9049663,IND,M,train
SD_00034,authentic/SD_00034_authentic.jpg,manipulated/SD_00034_number_change.jpg,number_change,"[205, 188, 650, 211]",Arjun Bose,Bose,Arjun,19891120,2023-02-26,2028-06-18,N5185067,IND,F,train
SD_00035,authentic/SD_00035_authentic.jpg,manipulated/SD_00035_date_change.jpg,date_change,"[205, 264, 650, 287]",Ira Kulkarni,Kulkarni,Ira,19990706,2019-12-17,2029-10-26,R7769453,IND,F,train
SD_00036,authentic/SD_00036_authentic.jpg,manipulated/SD_00036_copy_paste.jpg,copy_paste,"[205, 140, 500, 175]",Sara Desai,Desai,Sara,19940116,2017-06-06,2027-04-12,Z4549480,AUS,M,train
SD_00037,authentic/SD_00037_authentic.jpg,manipulated/SD_00037_clone.jpg,clone,"[430, 270, 580, 305]",Aditya Mehta,Mehta,Aditya,19960925,2021-04-23,2031-11-23,P7014363,GBR,F,train
SD_00038,authentic/SD_00038_authentic.jpg,manipulated/SD_00038_compression.jpg,compression,"[0, 0, 700, 455]",Tara Iyer,Iyer,Tara,20030724,2023-09-11,2033-12-15,I4431351,SGP,M,train
SD_00039,authentic/SD_00039_authentic.jpg,manipulated/SD_00039_mixed.jpg,mixed,"[45, 100, 650, 250]",Ishaan Mehta,Mehta,Ishaan,20001219,2020-09-20,2030-02-27,G4352408,USA,F,train
SD_00040,authentic/SD_00040_authentic.jpg,manipulated/SD_00040_text_change.jpg,text_change,"[205, 150, 650, 173]",Vivaan Sharma,Sharma,Vivaan,19880321,2021-08-04,2026-10-10,P7752047,IND,M,train
SD_00041,authentic/SD_00041_authentic.jpg,manipulated/SD_00041_photo_change.jpg,photo_change,"[45, 100, 165, 250]",Meera Kapoor,Kapoor,Meera,19741122,2019-01-05,2024-10-10,C3186999,USA,F,train
SD_00042,authentic/SD_00042_authentic.jpg,manipulated/SD_00042_number_change.jpg,number_change,"[205, 188, 650, 211]",Sara Kapoor,Kapoor,Sara,19891014,2023-05-19,2028-10-24,D3341232,AUS,M,train
SD_00043,authentic/SD_00043_authentic.jpg,manipulated/SD_00043_date_change.jpg,date_change,"[205, 264, 650, 287]",Rohan Sharma,Sharma,Rohan,19961220,2021-08-10,2026-04-10,W4713493,CAN,M,train
SD_00044,authentic/SD_00044_authentic.jpg,manipulated/SD_00044_copy_paste.jpg,copy_paste,"[205, 140, 500, 175]",Kabir Rao,Rao,Kabir,19790106,2011-05-20,2021-08-04,O4648877,IND,M,test
SD_00045,authentic/SD_00045_authentic.jpg,manipulated/SD_00045_clone.jpg,clone,"[430, 270, 580, 305]",Kiara Bose,Bose,Kiara,19900501,2019-02-08,2024-11-27,I9027874,USA,F,train
SD_00046,authentic/SD_00046_authentic.jpg,manipulated/SD_00046_compression.jpg,compression,"[0, 0, 700, 455]",Tara Patel,Patel,Tara,20000711,2020-06-22,2025-03-11,N7468071,GBR,F,test
SD_00047,authentic/SD_00047_authentic.jpg,manipulated/SD_00047_mixed.jpg,mixed,"[45, 100, 650, 250]",Diya Patel,Patel,Diya,19950122,2021-09-15,2031-01-07,Q5977034,AUS,M,train
SD_00048,authentic/SD_00048_authentic.jpg,manipulated/SD_00048_text_change.jpg,text_change,"[205, 150, 650, 173]",Aadhya Kapoor,Kapoor,Aadhya,20010121,2019-10-26,2024-12-06,J8086131,CAN,M,validation
SD_00049,authentic/SD_00049_authentic.jpg,manipulated/SD_00049_photo_change.jpg,photo_change,"[45, 100, 165, 250]",Kabir Kapoor,Kapoor,Kabir,19881209,2018-07-27,2028-08-08,O8263982,IND,F,train
SD_00050,authentic/SD_00050_authentic.jpg,manipulated/SD_00050_number_change.jpg,number_change,"[205, 188, 650, 211]",Kiara Nair,Nair,Kiara,20020110,2022-12-10,2032-03-15,R7558867,GBR,M,train
SD_00051,authentic/SD_00051_authentic.jpg,manipulated/SD_00051_date_change.jpg,date_change,"[205, 264, 650, 287]",Neel Desai,Desai,Neel,19940702,2015-06-24,2025-12-26,M6270289,GBR,M,train
SD_00052,authentic/SD_00052_authentic.jpg,manipulated/SD_00052_copy_paste.jpg,copy_paste,"[205, 140, 500, 175]",Sara Sharma,Sharma,Sara,19791105,2016-02-16,2026-06-20,W6158657,AUS,M,train
SD_00053,authentic/SD_00053_authentic.jpg,manipulated/SD_00053_clone.jpg,clone,"[430, 270, 580, 305]",Aditya Mehta,Mehta,Aditya,19881203,2013-07-04,2018-08-06,W4005045,GBR,F,train
SD_00054,authentic/SD_00054_authentic.jpg,manipulated/SD_00054_compression.jpg,compression,"[0, 0, 700, 455]",Kabir Mehta,Mehta,Kabir,20031022,2024-03-06,2029-02-20,M9379237,SGP,F,train
SD_00055,authentic/SD_00055_authentic.jpg,manipulated/SD_00055_mixed.jpg,mixed,"[45, 100, 650, 250]",Sara Rao,Rao,Sara,19700810,2024-11-18,2029-02-15,L9464743,CAN,F,train
SD_00056,authentic/SD_00056_authentic.jpg,manipulated/SD_00056_text_change.jpg,text_change,"[205, 150, 650, 173]",Arjun Mehta,Mehta,Arjun,19940619,2021-05-23,2031-01-27,V6409097,GBR,M,train
SD_00057,authentic/SD_00057_authentic.jpg,manipulated/SD_00057_photo_change.jpg,photo_change,"[45, 100, 165, 250]",Ira Mehta,Mehta,Ira,19820522,2019-12-25,2024-11-04,U0470952,IND,F,test
SD_00058,authentic/SD_00058_authentic.jpg,manipulated/SD_00058_number_change.jpg,number_change,"[205, 188, 650, 211]",Diya Bose,Bose,Diya,19960405,2016-09-12,2026-03-09,P4517123,SGP,F,train
SD_00059,authentic/SD_00059_authentic.jpg,manipulated/SD_00059_date_change.jpg,date_change,"[205, 264, 650, 287]",Ira Patel,Patel,Ira,19950518,2013-02-15,2023-11-24,V4965137,IND,F,validation
SD_00060,authentic/SD_00060_authentic.jpg,manipulated/SD_00060_copy_paste.jpg,copy_paste,"[205, 140, 500, 175]",Aditya Kulkarni,Kulkarni,Aditya,19991114,2021-02-05,2026-01-10,P1138267,GBR,F,validation
SD_00061,authentic/SD_00061_authentic.jpg,manipulated/SD_00061_clone.jpg,clone,"[430, 270, 580, 305]",Kabir Joshi,Joshi,Kabir,19760820,2023-07-09,2028-12-12,G7735158,SGP,F,train
SD_00062,authentic/SD_00062_authentic.jpg,manipulated/SD_00062_compression.jpg,compression,"[0, 0, 700, 455]",Vivaan Joshi,Joshi,Vivaan,19870228,2013-08-03,2018-11-21,T0053293,IND,M,train
SD_00063,authentic/SD_00063_authentic.jpg,manipulated/SD_00063_mixed.jpg,mixed,"[45, 100, 650, 250]",Ishaan Malhotra,Malhotra,Ishaan,19840326,2015-10-01,2025-03-05,R4210205,USA,F,train
SD_00064,authentic/SD_00064_authentic.jpg,manipulated/SD_00064_text_change.jpg,text_change,"[205, 150, 650, 173]",Aarav Verma,Verma,Aarav,19860324,2010-07-17,2015-12-03,P7589178,USA,M,train
SD_00065,authentic/SD_00065_authentic.jpg,manipulated/SD_00065_photo_change.jpg,photo_change,"[45, 100, 165, 250]",Aadhya Kapoor,Kapoor,Aadhya,19710828,2010-07-14,2015-08-23,O1159212,GBR,F,validation
SD_00066,authentic/SD_00066_authentic.jpg,manipulated/SD_00066_number_change.jpg,number_change,"[205, 188, 650, 211]",Meera Desai,Desai,Meera,20030817,2023-10-14,2028-12-04,U8367365,CAN,F,train
SD_00067,authentic/SD_00067_authentic.jpg,manipulated/SD_00067_date_change.jpg,date_change,"[205, 264, 650, 287]",Kiara Bose,Bose,Kiara,19760711,2015-11-09,2025-03-22,P1111615,USA,M,test
SD_00068,authentic/SD_00068_authentic.jpg,manipulated/SD_00068_copy_paste.jpg,copy_paste,"[205, 140, 500, 175]",Diya Kulkarni,Kulkarni,Diya,19770628,2016-11-25,2026-12-02,J9451983,USA,F,train
SD_00069,authentic/SD_00069_authentic.jpg,manipulated/SD_00069_clone.jpg,clone,"[430, 270, 580, 305]",Neel Malhotra,Malhotra,Neel,19760912,2015-02-25,2025-10-08,Z6899809,SGP,F,validation
SD_00070,authentic/SD_00070_authentic.jpg,manipulated/SD_00070_compression.jpg,compression,"[0, 0, 700, 455]",Aarav Verma,Verma,Aarav,19870511,2021-06-01,2026-03-19,V6120183,CAN,F,validation
SD_00071,authentic/SD_00071_authentic.jpg,manipulated/SD_00071_mixed.jpg,mixed,"[45, 100, 650, 250]",Sara Nair,Nair,Sara,19800524,2015-06-25,2020-01-05,F9014767,AUS,F,test
SD_00072,authentic/SD_00072_authentic.jpg,manipulated/SD_00072_text_change.jpg,text_change,"[205, 150, 650, 173]",Kiara Rao,Rao,Kiara,19830904,2022-06-14,2027-05-22,V9784036,AUS,M,validation
SD_00073,authentic/SD_00073_authentic.jpg,manipulated/SD_00073_photo_change.jpg,photo_change,"[45, 100, 165, 250]",Aarav Mehta,Mehta,Aarav,19890325,2013-05-10,2023-02-01,P6226838,AUS,F,test
SD_00074,authentic/SD_00074_authentic.jpg,manipulated/SD_00074_number_change.jpg,number_change,"[205, 188, 650, 211]",Aditya Joshi,Joshi,Aditya,19720115,2016-02-28,2026-10-14,S6641605,USA,F,train
SD_00075,authentic/SD_00075_authentic.jpg,manipulated/SD_00075_date_change.jpg,date_change,"[205, 264, 650, 287]",Ira Patel,Patel,Ira,19970414,2016-10-13,2021-07-28,J5352181,AUS,M,train
SD_00076,authentic/SD_00076_authentic.jpg,manipulated/SD_00076_copy_paste.jpg,copy_paste,"[205, 140, 500, 175]",Kabir Mehta,Mehta,Kabir,19760507,2012-03-20,2017-11-03,F7799799,GBR,F,train
SD_00077,authentic/SD_00077_authentic.jpg,manipulated/SD_00077_clone.jpg,clone,"[430, 270, 580, 305]",Kabir Kapoor,Kapoor,Kabir,19740821,2017-05-26,2027-10-02,L8147700,GBR,F,train
SD_00078,authentic/SD_00078_authentic.jpg,manipulated/SD_00078_compression.jpg,compression,"[0, 0, 700, 455]",Aditya Kulkarni,Kulkarni,Aditya,19751017,2019-07-15,2024-08-26,S3597820,CAN,M,train
SD_00079,authentic/SD_00079_authentic.jpg,manipulated/SD_00079_mixed.jpg,mixed,"[45, 100, 650, 250]",Diya Bose,Bose,Diya,19751106,2018-01-08,2028-08-17,Q9255466,GBR,M,train
SD_00080,authentic/SD_00080_authentic.jpg,manipulated/SD_00080_text_change.jpg,text_change,"[205, 150, 650, 173]",Diya Patel,Patel,Diya,19910922,2011-07-10,2021-12-28,V9251925,GBR,F,test
SD_00081,authentic/SD_00081_authentic.jpg,manipulated/SD_00081_photo_change.jpg,photo_change,"[45, 100, 165, 250]",Kabir Desai,Desai,Kabir,19750913,2014-11-26,2024-03-22,W8168505,GBR,M,test
SD_00082,authentic/SD_00082_authentic.jpg,manipulated/SD_00082_number_change.jpg,number_change,"[205, 188, 650, 211]",Ishaan Nair,Nair,Ishaan,20010405,2020-03-03,2030-02-17,Y8805929,CAN,M,train
SD_00083,authentic/SD_00083_authentic.jpg,manipulated/SD_00083_date_change.jpg,date_change,"[205, 264, 650, 287]",Rohan Verma,Verma,Rohan,19800802,2021-07-12,2026-08-20,J7383473,GBR,F,train
SD_00084,authentic/SD_00084_authentic.jpg,manipulated/SD_00084_copy_paste.jpg,copy_paste,"[205, 140, 500, 175]",Meera Iyer,Iyer,Meera,20030327,2024-04-26,2029-05-02,U7581814,IND,M,train
SD_00085,authentic/SD_00085_authentic.jpg,manipulated/SD_00085_clone.jpg,clone,"[430, 270, 580, 305]",Anaya Kapoor,Kapoor,Anaya,20020703,2021-04-27,2031-06-01,N0685361,GBR,M,train
SD_00086,authentic/SD_00086_authentic.jpg,manipulated/SD_00086_compression.jpg,compression,"[0, 0, 700, 455]",Aarav Nair,Nair,Aarav,19761221,2023-06-26,2028-03-02,J7277901,IND,F,train
SD_00087,authentic/SD_00087_authentic.jpg,manipulated/SD_00087_mixed.jpg,mixed,"[45, 100, 650, 250]",Ishaan Malhotra,Malhotra,Ishaan,19791220,2018-09-14,2023-05-08,J1036971,IND,F,validation
SD_00088,authentic/SD_00088_authentic.jpg,manipulated/SD_00088_text_change.jpg,text_change,"[205, 150, 650, 173]",Aarav Kulkarni,Kulkarni,Aarav,20020423,2024-03-10,2034-01-20,L3962185,IND,M,train
SD_00089,authentic/SD_00089_authentic.jpg,manipulated/SD_00089_photo_change.jpg,photo_change,"[45, 100, 165, 250]",Meera Malhotra,Malhotra,Meera,20001113,2018-06-09,2023-06-26,C5319520,GBR,F,test
SD_00090,authentic/SD_00090_authentic.jpg,manipulated/SD_00090_number_change.jpg,number_change,"[205, 188, 650, 211]",Rohan Malhotra,Malhotra,Rohan,19991106,2024-03-03,2034-01-10,G0305486,AUS,F,train
SD_00091,authentic/SD_00091_authentic.jpg,manipulated/SD_00091_date_change.jpg,date_change,"[205, 264, 650, 287]",Anaya Sharma,Sharma,Anaya,19820628,2014-01-28,2024-05-04,Z5667652,CAN,F,train
SD_00092,authentic/SD_00092_authentic.jpg,manipulated/SD_00092_copy_paste.jpg,copy_paste,"[205, 140, 500, 175]",Anaya Singh,Singh,Anaya,19750703,2021-07-20,2026-09-10,K1154479,SGP,F,train
SD_00093,authentic/SD_00093_authentic.jpg,manipulated/SD_00093_clone.jpg,clone,"[430, 270, 580, 305]",Rohan Bose,Bose,Rohan,19980802,2021-12-28,2031-10-14,I0165820,USA,F,validation
SD_00094,authentic/SD_00094_authentic.jpg,manipulated/SD_00094_compression.jpg,compression,"[0, 0, 700, 455]",Vivaan Verma,Verma,Vivaan,19741112,2013-06-13,2018-10-05,V7557192,AUS,F,test
SD_00095,authentic/SD_00095_authentic.jpg,manipulated/SD_00095_mixed.jpg,mixed,"[45, 100, 650, 250]",Meera Nair,Nair,Meera,19870201,2013-12-06,2023-09-13,R1447394,SGP,F,test
SD_00096,authentic/SD_00096_authentic.jpg,manipulated/SD_00096_text_change.jpg,text_change,"[205, 150, 650, 173]",Ishaan Patel,Patel,Ishaan,19780215,2023-03-23,2033-02-26,V5518844,USA,M,validation
SD_00097,authentic/SD_00097_authentic.jpg,manipulated/SD_00097_photo_change.jpg,photo_change,"[45, 100, 165, 250]",Ira Iyer,Iyer,Ira,19840426,2011-03-08,2021-01-12,R9578291,IND,F,train
SD_00098,authentic/SD_00098_authentic.jpg,manipulated/SD_00098_number_change.jpg,number_change,"[205, 188, 650, 211]",Meera Bose,Bose,Meera,20000725,2022-07-27,2027-03-11,U1778528,SGP,M,train
SD_00099,authentic/SD_00099_authentic.jpg,manipulated/SD_00099_date_change.jpg,date_change,"[205, 264, 650, 287]",Kabir Joshi,Joshi,Kabir,20020217,2020-03-10,2025-03-11,W3584143,SGP,F,test
SD_00100,authentic/SD_00100_authentic.jpg,manipulated/SD_00100_copy_paste.jpg,copy_paste,"[205, 140, 500, 175]",Aditya Iyer,Iyer,Aditya,19801005,2019-03-22,2029-10-02,A1094396,AUS,M,train
SD_00101,authentic/SD_00101_authentic.jpg,manipulated/SD_00101_clone.jpg,clone,"[430, 270, 580, 305]",Tara Kulkarni,Kulkarni,Tara,20041110,2023-08-08,2033-05-15,C0276773,GBR,M,train
SD_00102,authentic/SD_00102_authentic.jpg,manipulated/SD_00102_compression.jpg,compression,"[0, 0, 700, 455]",Diya Malhotra,Malhotra,Diya,19900613,2021-03-25,2031-09-18,D5371473,USA,M,train
SD_00103,authentic/SD_00103_authentic.jpg,manipulated/SD_00103_mixed.jpg,mixed,"[45, 100, 650, 250]",Vivaan Rao,Rao,Vivaan,19940708,2021-03-27,2031-10-24,K3278774,CAN,M,test
SD_00104,authentic/SD_00104_authentic.jpg,manipulated/SD_00104_text_change.jpg,text_change,"[205, 150, 650, 173]",Aditya Joshi,Joshi,Aditya,20020407,2023-10-12,2028-01-10,P9748016,USA,F,test
SD_00105,authentic/SD_00105_authentic.jpg,manipulated/SD_00105_photo_change.jpg,photo_change,"[45, 100, 165, 250]",Ira Singh,Singh,Ira,19950113,2018-01-19,2023-06-18,J1687849,SGP,M,train
SD_00106,authentic/SD_00106_authentic.jpg,manipulated/SD_00106_number_change.jpg,number_change,"[205, 188, 650, 211]",Kabir Patel,Patel,Kabir,19950618,2018-06-25,2023-04-20,Q6800025,CAN,F,train
SD_00107,authentic/SD_00107_authentic.jpg,manipulated/SD_00107_date_change.jpg,date_change,"[205, 264, 650, 287]",Kabir Desai,Desai,Kabir,20020620,2021-06-06,2031-10-24,J9588879,GBR,F,train
SD_00108,authentic/SD_00108_authentic.jpg,manipulated/SD_00108_copy_paste.jpg,copy_paste,"[205, 140, 500, 175]",Diya Kulkarni,Kulkarni,Diya,19771010,2016-12-28,2021-10-16,I9930972,AUS,F,validation
SD_00109,authentic/SD_00109_authentic.jpg,manipulated/SD_00109_clone.jpg,clone,"[430, 270, 580, 305]",Kabir Malhotra,Malhotra,Kabir,19851023,2010-02-07,2015-08-11,N2636897,SGP,M,train
SD_00110,authentic/SD_00110_authentic.jpg,manipulated/SD_00110_compression.jpg,compression,"[0, 0, 700, 455]",Kabir Iyer,Iyer,Kabir,19830622,2018-08-17,2028-06-06,O8585497,USA,M,train
SD_00111,authentic/SD_00111_authentic.jpg,manipulated/SD_00111_mixed.jpg,mixed,"[45, 100, 650, 250]",Anaya Iyer,Iyer,Anaya,19890525,2013-05-23,2018-12-23,P5758441,AUS,F,train
SD_00112,authentic/SD_00112_authentic.jpg,manipulated/SD_00112_text_change.jpg,text_change,"[205, 150, 650, 173]",Meera Malhotra,Malhotra,Meera,19920310,2022-01-10,2027-06-15,U4733848,SGP,F,validation
SD_00113,authentic/SD_00113_authentic.jpg,manipulated/SD_00113_photo_change.jpg,photo_change,"[45, 100, 165, 250]",Kabir Patel,Patel,Kabir,19850122,2013-09-08,2018-01-04,N5712082,CAN,F,train
SD_00114,authentic/SD_00114_authentic.jpg,manipulated/SD_00114_number_change.jpg,number_change,"[205, 188, 650, 211]",Tara Kulkarni,Kulkarni,Tara,19820511,2022-05-21,2027-02-21,S3802620,CAN,F,test
SD_00115,authentic/SD_00115_authentic.jpg,manipulated/SD_00115_date_change.jpg,date_change,"[205, 264, 650, 287]",Rohan Bose,Bose,Rohan,19880101,2024-05-19,2029-06-10,O8872874,USA,M,train
SD_00116,authentic/SD_00116_authentic.jpg,manipulated/SD_00116_copy_paste.jpg,copy_paste,"[205, 140, 500, 175]",Sara Kulkarni,Kulkarni,Sara,19860301,2021-12-11,2031-10-22,Y3296685,IND,F,train
SD_00117,authentic/SD_00117_authentic.jpg,manipulated/SD_00117_clone.jpg,clone,"[430, 270, 580, 305]",Arjun Verma,Verma,Arjun,19780608,2017-01-09,2027-04-15,Y4549904,SGP,F,validation
SD_00118,authentic/SD_00118_authentic.jpg,manipulated/SD_00118_compression.jpg,compression,"[0, 0, 700, 455]",Neel Sharma,Sharma,Neel,19770506,2017-07-22,2027-12-04,U4593327,USA,F,train
SD_00119,authentic/SD_00119_authentic.jpg,manipulated/SD_00119_mixed.jpg,mixed,"[45, 100, 650, 250]",Ira Joshi,Joshi,Ira,20000926,2024-11-27,2029-04-22,Y9187851,AUS,M,train
SD_00120,authentic/SD_00120_authentic.jpg,manipulated/SD_00120_text_change.jpg,text_change,"[205, 150, 650, 173]",Vivaan Malhotra,Malhotra,Vivaan,20021018,2021-03-06,2031-09-15,D3971870,CAN,M,train
SD_00121,authentic/SD_00121_authentic.jpg,manipulated/SD_00121_photo_change.jpg,photo_change,"[45, 100, 165, 250]",Kiara Kapoor,Kapoor,Kiara,19730822,2018-05-24,2023-07-09,A3910651,AUS,M,train
SD_00122,authentic/SD_00122_authentic.jpg,manipulated/SD_00122_number_change.jpg,number_change,"[205, 188, 650, 211]",Aditya Kapoor,Kapoor,Aditya,19720706,2014-03-25,2024-06-13,O6618251,USA,F,train
SD_00123,authentic/SD_00123_authentic.jpg,manipulated/SD_00123_date_change.jpg,date_change,"[205, 264, 650, 287]",Kabir Bose,Bose,Kabir,19840125,2023-01-10,2033-11-24,R6863375,USA,F,validation
SD_00124,authentic/SD_00124_authentic.jpg,manipulated/SD_00124_copy_paste.jpg,copy_paste,"[205, 140, 500, 175]",Vivaan Singh,Singh,Vivaan,19960108,2023-04-03,2028-10-02,O9030673,AUS,M,train
SD_00125,authentic/SD_00125_authentic.jpg,manipulated/SD_00125_clone.jpg,clone,"[430, 270, 580, 305]",Vivaan Verma,Verma,Vivaan,20020427,2022-12-19,2032-10-20,Y5342836,GBR,F,train
SD_00126,authentic/SD_00126_authentic.jpg,manipulated/SD_00126_compression.jpg,compression,"[0, 0, 700, 455]",Vivaan Iyer,Iyer,Vivaan,19811114,2020-09-16,2025-06-21,V6856624,CAN,M,train
SD_00127,authentic/SD_00127_authentic.jpg,manipulated/SD_00127_mixed.jpg,mixed,"[45, 100, 650, 250]",Tara Mehta,Mehta,Tara,19841205,2014-08-02,2024-07-18,Q2634351,CAN,F,test
SD_00128,authentic/SD_00128_authentic.jpg,manipulated/SD_00128_text_change.jpg,text_change,"[205, 150, 650, 173]",Aditya Iyer,Iyer,Aditya,19820513,2010-11-20,2015-02-07,Z9837354,IND,M,validation
SD_00129,authentic/SD_00129_authentic.jpg,manipulated/SD_00129_photo_change.jpg,photo_change,"[45, 100, 165, 250]",Ishaan Bose,Bose,Ishaan,19770808,2021-12-20,2026-07-08,R5467854,GBR,F,train
SD_00130,authentic/SD_00130_authentic.jpg,manipulated/SD_00130_number_change.jpg,number_change,"[205, 188, 650, 211]",Tara Kapoor,Kapoor,Tara,19761216,2022-06-07,2032-06-14,B9320489,AUS,F,train
SD_00131,authentic/SD_00131_authentic.jpg,manipulated/SD_00131_date_change.jpg,date_change,"[205, 264, 650, 287]",Aadhya Verma,Verma,Aadhya,19820413,2015-10-27,2020-08-18,U5477725,USA,M,validation
SD_00132,authentic/SD_00132_authentic.jpg,manipulated/SD_00132_copy_paste.jpg,copy_paste,"[205, 140, 500, 175]",Rohan Iyer,Iyer,Rohan,19730127,2018-02-27,2023-01-14,E3120387,GBR,M,train
SD_00133,authentic/SD_00133_authentic.jpg,manipulated/SD_00133_clone.jpg,clone,"[430, 270, 580, 305]",Tara Kulkarni,Kulkarni,Tara,20010118,2019-09-14,2024-01-17,X4840862,IND,M,train
SD_00134,authentic/SD_00134_authentic.jpg,manipulated/SD_00134_compression.jpg,compression,"[0, 0, 700, 455]",Kabir Mehta,Mehta,Kabir,19820909,2019-06-09,2029-02-12,M7933410,IND,F,train
SD_00135,authentic/SD_00135_authentic.jpg,manipulated/SD_00135_mixed.jpg,mixed,"[45, 100, 650, 250]",Meera Joshi,Joshi,Meera,20001101,2018-12-06,2023-08-28,N5918033,SGP,F,validation
SD_00136,authentic/SD_00136_authentic.jpg,manipulated/SD_00136_text_change.jpg,text_change,"[205, 150, 650, 173]",Anaya Sharma,Sharma,Anaya,19740518,2020-10-22,2025-03-28,K0392614,USA,M,train
SD_00137,authentic/SD_00137_authentic.jpg,manipulated/SD_00137_photo_change.jpg,photo_change,"[45, 100, 165, 250]",Meera Kulkarni,Kulkarni,Meera,20040725,2023-12-05,2028-09-24,L0163159,AUS,F,train
SD_00138,authentic/SD_00138_authentic.jpg,manipulated/SD_00138_number_change.jpg,number_change,"[205, 188, 650, 211]",Diya Sharma,Sharma,Diya,19870816,2022-04-12,2032-07-06,V9619431,IND,F,train
SD_00139,authentic/SD_00139_authentic.jpg,manipulated/SD_00139_date_change.jpg,date_change,"[205, 264, 650, 287]",Kabir Joshi,Joshi,Kabir,19790711,2021-06-04,2026-01-10,O5412126,CAN,F,train
SD_00140,authentic/SD_00140_authentic.jpg,manipulated/SD_00140_copy_paste.jpg,copy_paste,"[205, 140, 500, 175]",Aditya Nair,Nair,Aditya,19751026,2019-06-28,2029-01-10,N6183982,SGP,F,train
SD_00141,authentic/SD_00141_authentic.jpg,manipulated/SD_00141_clone.jpg,clone,"[430, 270, 580, 305]",Rohan Verma,Verma,Rohan,19870516,2014-03-03,2019-07-09,N4715437,AUS,M,validation
SD_00142,authentic/SD_00142_authentic.jpg,manipulated/SD_00142_compression.jpg,compression,"[0, 0, 700, 455]",Sara Patel,Patel,Sara,19780113,2014-06-27,2024-06-15,K6924593,CAN,F,test
SD_00143,authentic/SD_00143_authentic.jpg,manipulated/SD_00143_mixed.jpg,mixed,"[45, 100, 650, 250]",Rohan Joshi,Joshi,Rohan,19901223,2014-11-16,2019-06-13,I6519398,USA,M,train
SD_00144,authentic/SD_00144_authentic.jpg,manipulated/SD_00144_text_change.jpg,text_change,"[205, 150, 650, 173]",Sara Bose,Bose,Sara,19830527,2017-12-03,2027-11-16,E4342661,CAN,F,train
SD_00145,authentic/SD_00145_authentic.jpg,manipulated/SD_00145_photo_change.jpg,photo_change,"[45, 100, 165, 250]",Meera Iyer,Iyer,Meera,20020902,2023-06-23,2028-02-25,H5290965,CAN,M,train
SD_00146,authentic/SD_00146_authentic.jpg,manipulated/SD_00146_number_change.jpg,number_change,"[205, 188, 650, 211]",Aarav Patel,Patel,Aarav,19860924,2013-09-18,2018-08-12,M7982507,IND,F,test
SD_00147,authentic/SD_00147_authentic.jpg,manipulated/SD_00147_date_change.jpg,date_change,"[205, 264, 650, 287]",Kiara Patel,Patel,Kiara,19771205,2023-06-10,2033-08-26,G8757177,GBR,M,train
SD_00148,authentic/SD_00148_authentic.jpg,manipulated/SD_00148_copy_paste.jpg,copy_paste,"[205, 140, 500, 175]",Arjun Sharma,Sharma,Arjun,19910222,2020-03-24,2025-09-06,R2586736,SGP,M,train
SD_00149,authentic/SD_00149_authentic.jpg,manipulated/SD_00149_clone.jpg,clone,"[430, 270, 580, 305]",Rohan Kulkarni,Kulkarni,Rohan,19970124,2021-10-07,2031-10-14,M0334191,AUS,M,train
SD_00150,authentic/SD_00150_authentic.jpg,manipulated/SD_00150_compression.jpg,compression,"[0, 0, 700, 455]",Ira Nair,Nair,Ira,19820209,2017-11-28,2027-09-21,K9696915,GBR,F,train
SD_00151,authentic/SD_00151_authentic.jpg,manipulated/SD_00151_mixed.jpg,mixed,"[45, 100, 650, 250]",Rohan Malhotra,Malhotra,Rohan,19891019,2024-02-22,2029-06-04,H4125286,CAN,M,train
SD_00152,authentic/SD_00152_authentic.jpg,manipulated/SD_00152_text_change.jpg,text_change,"[205, 150, 650, 173]",Meera Joshi,Joshi,Meera,19811118,2017-12-21,2022-09-06,P4225790,GBR,M,train
SD_00153,authentic/SD_00153_authentic.jpg,manipulated/SD_00153_photo_change.jpg,photo_change,"[45, 100, 165, 250]",Tara Verma,Verma,Tara,19820718,2023-09-21,2033-07-22,P6772190,USA,F,train
SD_00154,authentic/SD_00154_authentic.jpg,manipulated/SD_00154_number_change.jpg,number_change,"[205, 188, 650, 211]",Vivaan Rao,Rao,Vivaan,19840506,2018-08-19,2028-09-17,D9148580,SGP,F,train
SD_00155,authentic/SD_00155_authentic.jpg,manipulated/SD_00155_date_change.jpg,date_change,"[205, 264, 650, 287]",Ishaan Joshi,Joshi,Ishaan,19761125,2021-04-10,2026-08-09,L1713395,SGP,F,train
SD_00156,authentic/SD_00156_authentic.jpg,manipulated/SD_00156_copy_paste.jpg,copy_paste,"[205, 140, 500, 175]",Kabir Singh,Singh,Kabir,19830426,2023-01-19,2033-09-09,T8254494,AUS,M,validation
SD_00157,authentic/SD_00157_authentic.jpg,manipulated/SD_00157_clone.jpg,clone,"[430, 270, 580, 305]",Kabir Singh,Singh,Kabir,19960528,2014-11-05,2019-04-05,W5367294,SGP,F,train
SD_00158,authentic/SD_00158_authentic.jpg,manipulated/SD_00158_compression.jpg,compression,"[0, 0, 700, 455]",Meera Kapoor,Kapoor,Meera,19740213,2020-09-24,2030-12-12,O7590175,IND,F,train
SD_00159,authentic/SD_00159_authentic.jpg,manipulated/SD_00159_mixed.jpg,mixed,"[45, 100, 650, 250]",Ishaan Joshi,Joshi,Ishaan,19830511,2017-05-11,2022-10-28,P5001701,USA,F,test
SD_00160,authentic/SD_00160_authentic.jpg,manipulated/SD_00160_text_change.jpg,text_change,"[205, 150, 650, 173]",Sara Sharma,Sharma,Sara,19971205,2018-11-10,2023-05-03,U5415206,SGP,F,train
SD_00161,authentic/SD_00161_authentic.jpg,manipulated/SD_00161_photo_change.jpg,photo_change,"[45, 100, 165, 250]",Neel Joshi,Joshi,Neel,19750201,2021-04-16,2026-03-19,H8700516,SGP,M,validation
SD_00162,authentic/SD_00162_authentic.jpg,manipulated/SD_00162_number_change.jpg,number_change,"[205, 188, 650, 211]",Tara Patel,Patel,Tara,19840224,2016-02-04,2026-06-10,E6221890,AUS,M,train
SD_00163,authentic/SD_00163_authentic.jpg,manipulated/SD_00163_date_change.jpg,date_change,"[205, 264, 650, 287]",Sara Nair,Nair,Sara,19831205,2020-07-20,2030-04-03,D2196565,USA,M,test
SD_00164,authentic/SD_00164_authentic.jpg,manipulated/SD_00164_copy_paste.jpg,copy_paste,"[205, 140, 500, 175]",Neel Iyer,Iyer,Neel,19881201,2022-11-10,2027-09-20,Q3640376,IND,M,train
SD_00165,authentic/SD_00165_authentic.jpg,manipulated/SD_00165_clone.jpg,clone,"[430, 270, 580, 305]",Tara Kulkarni,Kulkarni,Tara,19740112,2018-06-05,2028-10-14,L8271091,IND,F,validation
SD_00166,authentic/SD_00166_authentic.jpg,manipulated/SD_00166_compression.jpg,compression,"[0, 0, 700, 455]",Ishaan Sharma,Sharma,Ishaan,19730717,2022-05-21,2032-07-23,M1889241,GBR,M,test
SD_00167,authentic/SD_00167_authentic.jpg,manipulated/SD_00167_mixed.jpg,mixed,"[45, 100, 650, 250]",Ishaan Singh,Singh,Ishaan,19790613,2018-10-21,2023-05-23,N3031617,AUS,M,test
SD_00168,authentic/SD_00168_authentic.jpg,manipulated/SD_00168_text_change.jpg,text_change,"[205, 150, 650, 173]",Aadhya Kulkarni,Kulkarni,Aadhya,19810123,2011-03-23,2016-03-16,L8842524,SGP,M,train
SD_00169,authentic/SD_00169_authentic.jpg,manipulated/SD_00169_photo_change.jpg,photo_change,"[45, 100, 165, 250]",Aarav Nair,Nair,Aarav,19970903,2019-05-23,2024-08-15,Q5079252,GBR,M,validation
SD_00170,authentic/SD_00170_authentic.jpg,manipulated/SD_00170_number_change.jpg,number_change,"[205, 188, 650, 211]",Arjun Mehta,Mehta,Arjun,20020128,2020-01-08,2025-08-12,M2208635,USA,F,train
SD_00171,authentic/SD_00171_authentic.jpg,manipulated/SD_00171_date_change.jpg,date_change,"[205, 264, 650, 287]",Diya Rao,Rao,Diya,19740604,2019-09-22,2024-03-08,Z8061744,GBR,M,train
SD_00172,authentic/SD_00172_authentic.jpg,manipulated/SD_00172_copy_paste.jpg,copy_paste,"[205, 140, 500, 175]",Aarav Nair,Nair,Aarav,19821026,2014-05-24,2019-08-12,S7383206,IND,M,train
SD_00173,authentic/SD_00173_authentic.jpg,manipulated/SD_00173_clone.jpg,clone,"[430, 270, 580, 305]",Ira Kulkarni,Kulkarni,Ira,19700125,2015-11-13,2025-02-07,Q3670241,IND,M,train
SD_00174,authentic/SD_00174_authentic.jpg,manipulated/SD_00174_compression.jpg,compression,"[0, 0, 700, 455]",Kiara Bose,Bose,Kiara,19931203,2018-10-04,2023-11-27,M1990623,GBR,F,train
SD_00175,authentic/SD_00175_authentic.jpg,manipulated/SD_00175_mixed.jpg,mixed,"[45, 100, 650, 250]",Diya Singh,Singh,Diya,19951211,2024-06-15,2034-04-03,G2912127,CAN,F,test
SD_00176,authentic/SD_00176_authentic.jpg,manipulated/SD_00176_text_change.jpg,text_change,"[205, 150, 650, 173]",Kiara Patel,Patel,Kiara,20040415,2023-05-15,2033-02-03,F4903521,SGP,M,train
SD_00177,authentic/SD_00177_authentic.jpg,manipulated/SD_00177_photo_change.jpg,photo_change,"[45, 100, 165, 250]",Ira Joshi,Joshi,Ira,20021110,2020-05-27,2025-01-13,O8831712,IND,M,train
SD_00178,authentic/SD_00178_authentic.jpg,manipulated/SD_00178_number_change.jpg,number_change,"[205, 188, 650, 211]",Vivaan Malhotra,Malhotra,Vivaan,19840427,2012-07-12,2017-10-19,I1013721,GBR,M,train
SD_00179,authentic/SD_00179_authentic.jpg,manipulated/SD_00179_date_change.jpg,date_change,"[205, 264, 650, 287]",Vivaan Kapoor,Kapoor,Vivaan,19731014,2012-12-13,2022-01-13,V6253244,CAN,M,train
SD_00180,authentic/SD_00180_authentic.jpg,manipulated/SD_00180_copy_paste.jpg,copy_paste,"[205, 140, 500, 175]",Neel Kulkarni,Kulkarni,Neel,19880718,2017-08-02,2022-05-13,E6383806,SGP,F,train
SD_00181,authentic/SD_00181_authentic.jpg,manipulated/SD_00181_clone.jpg,clone,"[430, 270, 580, 305]",Tara Iyer,Iyer,Tara,20011017,2021-06-13,2031-03-01,K9304078,GBR,M,train
SD_00182,authentic/SD_00182_authentic.jpg,manipulated/SD_00182_compression.jpg,compression,"[0, 0, 700, 455]",Rohan Patel,Patel,Rohan,19850409,2020-09-27,2025-04-19,Z6522395,SGP,F,validation
SD_00183,authentic/SD_00183_authentic.jpg,manipulated/SD_00183_mixed.jpg,mixed,"[45, 100, 650, 250]",Aarav Bose,Bose,Aarav,19921005,2019-10-07,2029-09-10,F7010393,IND,F,train
SD_00184,authentic/SD_00184_authentic.jpg,manipulated/SD_00184_text_change.jpg,text_change,"[205, 150, 650, 173]",Aarav Nair,Nair,Aarav,19820311,2022-12-06,2032-01-01,E9218515,SGP,F,train
SD_00185,authentic/SD_00185_authentic.jpg,manipulated/SD_00185_photo_change.jpg,photo_change,"[45, 100, 165, 250]",Arjun Nair,Nair,Arjun,19890306,2015-12-14,2025-11-11,F8953926,GBR,F,train
SD_00186,authentic/SD_00186_authentic.jpg,manipulated/SD_00186_number_change.jpg,number_change,"[205, 188, 650, 211]",Kabir Verma,Verma,Kabir,19701013,2021-10-02,2026-10-11,Z9391725,SGP,M,train
SD_00187,authentic/SD_00187_authentic.jpg,manipulated/SD_00187_date_change.jpg,date_change,"[205, 264, 650, 287]",Neel Nair,Nair,Neel,19901103,2012-12-22,2022-08-01,I3315410,IND,F,train
SD_00188,authentic/SD_00188_authentic.jpg,manipulated/SD_00188_copy_paste.jpg,copy_paste,"[205, 140, 500, 175]",Rohan Joshi,Joshi,Rohan,20010618,2022-07-04,2032-10-21,Y3271040,GBR,F,train
SD_00189,authentic/SD_00189_authentic.jpg,manipulated/SD_00189_clone.jpg,clone,"[430, 270, 580, 305]",Arjun Patel,Patel,Arjun,19910706,2012-12-03,2017-06-20,T7062962,IND,M,train
SD_00190,authentic/SD_00190_authentic.jpg,manipulated/SD_00190_compression.jpg,compression,"[0, 0, 700, 455]",Diya Mehta,Mehta,Diya,19821218,2016-12-24,2026-11-10,J3106987,USA,M,train
SD_00191,authentic/SD_00191_authentic.jpg,manipulated/SD_00191_mixed.jpg,mixed,"[45, 100, 650, 250]",Ira Sharma,Sharma,Ira,19970527,2016-11-21,2026-04-04,A3241714,CAN,F,train
SD_00192,authentic/SD_00192_authentic.jpg,manipulated/SD_00192_text_change.jpg,text_change,"[205, 150, 650, 173]",Tara Kulkarni,Kulkarni,Tara,19861118,2011-07-06,2021-07-12,F7047743,GBR,M,train
SD_00193,authentic/SD_00193_authentic.jpg,manipulated/SD_00193_photo_change.jpg,photo_change,"[45, 100, 165, 250]",Kabir Singh,Singh,Kabir,19761112,2011-09-14,2016-09-02,M8687937,GBR,M,train
SD_00194,authentic/SD_00194_authentic.jpg,manipulated/SD_00194_number_change.jpg,number_change,"[205, 188, 650, 211]",Meera Malhotra,Malhotra,Meera,19721017,2018-10-22,2023-02-25,O2233206,IND,F,validation
SD_00195,authentic/SD_00195_authentic.jpg,manipulated/SD_00195_date_change.jpg,date_change,"[205, 264, 650, 287]",Ishaan Malhotra,Malhotra,Ishaan,19791009,2023-06-24,2028-02-13,R6854870,SGP,F,train
SD_00196,authentic/SD_00196_authentic.jpg,manipulated/SD_00196_copy_paste.jpg,copy_paste,"[205, 140, 500, 175]",Kabir Verma,Verma,Kabir,19760219,2024-02-26,2034-09-12,N4679970,USA,F,test
SD_00197,authentic/SD_00197_authentic.jpg,manipulated/SD_00197_clone.jpg,clone,"[430, 270, 580, 305]",Meera Verma,Verma,Meera,19950711,2013-12-08,2018-12-16,I5054447,SGP,M,train
SD_00198,authentic/SD_00198_authentic.jpg,manipulated/SD_00198_compression.jpg,compression,"[0, 0, 700, 455]",Neel Verma,Verma,Neel,19890825,2021-06-09,2031-10-21,C3736785,IND,M,train
SD_00199,authentic/SD_00199_authentic.jpg,manipulated/SD_00199_mixed.jpg,mixed,"[45, 100, 650, 250]",Aditya Rao,Rao,Aditya,20020325,2023-09-19,2028-03-07,G0307053,GBR,F,train
SD_00200,authentic/SD_00200_authentic.jpg,manipulated/SD_00200_text_change.jpg,text_change,"[205, 150, 650, 173]",Sara Iyer,Iyer,Sara,19950222,2023-01-08,2033-08-20,O2798552,GBR,M,train
SD_00201,authentic/SD_00201_authentic.jpg,manipulated/SD_00201_photo_change.jpg,photo_change,"[45, 100, 165, 250]",Aadhya Sharma,Sharma,Aadhya,19940328,2012-10-25,2017-04-21,H3468007,USA,M,train
SD_00202,authentic/SD_00202_authentic.jpg,manipulated/SD_00202_number_change.jpg,number_change,"[205, 188, 650, 211]",Aarav Mehta,Mehta,Aarav,19860523,2019-12-21,2029-07-13,L7437489,CAN,M,train
SD_00203,authentic/SD_00203_authentic.jpg,manipulated/SD_00203_date_change.jpg,date_change,"[205, 264, 650, 287]",Aarav Iyer,Iyer,Aarav,19931120,2019-10-10,2029-11-04,P1545444,USA,M,test
SD_00204,authentic/SD_00204_authentic.jpg,manipulated/SD_00204_copy_paste.jpg,copy_paste,"[205, 140, 500, 175]",Vivaan Singh,Singh,Vivaan,19950622,2023-03-24,2028-11-16,J4666099,USA,F,train
SD_00205,authentic/SD_00205_authentic.jpg,manipulated/SD_00205_clone.jpg,clone,"[430, 270, 580, 305]",Neel Kulkarni,Kulkarni,Neel,20040822,2024-06-17,2034-03-27,V8241724,SGP,M,validation
SD_00206,authentic/SD_00206_authentic.jpg,manipulated/SD_00206_compression.jpg,compression,"[0, 0, 700, 455]",Diya Kulkarni,Kulkarni,Diya,19750608,2013-12-28,2023-07-26,K5494717,IND,M,train
SD_00207,authentic/SD_00207_authentic.jpg,manipulated/SD_00207_mixed.jpg,mixed,"[45, 100, 650, 250]",Tara Mehta,Mehta,Tara,20021113,2020-09-10,2030-01-28,E2356972,GBR,M,train
SD_00208,authentic/SD_00208_authentic.jpg,manipulated/SD_00208_text_change.jpg,text_change,"[205, 150, 650, 173]",Aditya Kapoor,Kapoor,Aditya,19910311,2020-11-02,2025-08-09,G2927129,CAN,F,train
SD_00209,authentic/SD_00209_authentic.jpg,manipulated/SD_00209_photo_change.jpg,photo_change,"[45, 100, 165, 250]",Meera Joshi,Joshi,Meera,20000102,2021-09-07,2031-01-11,Y8300335,GBR,M,train
SD_00210,authentic/SD_00210_authentic.jpg,manipulated/SD_00210_number_change.jpg,number_change,"[205, 188, 650, 211]",Arjun Joshi,Joshi,Arjun,20020506,2024-02-27,2029-05-10,O8985625,CAN,F,train
SD_00211,authentic/SD_00211_authentic.jpg,manipulated/SD_00211_date_change.jpg,date_change,"[205, 264, 650, 287]",Ishaan Verma,Verma,Ishaan,19950408,2013-12-05,2018-12-01,S8215064,AUS,M,train
SD_00212,authentic/SD_00212_authentic.jpg,manipulated/SD_00212_copy_paste.jpg,copy_paste,"[205, 140, 500, 175]",Arjun Kulkarni,Kulkarni,Arjun,19711204,2010-07-15,2020-02-18,I7230461,SGP,F,train
SD_00213,authentic/SD_00213_authentic.jpg,manipulated/SD_00213_clone.jpg,clone,"[430, 270, 580, 305]",Kabir Joshi,Joshi,Kabir,19761220,2018-02-10,2023-02-16,G9348356,GBR,M,train
SD_00214,authentic/SD_00214_authentic.jpg,manipulated/SD_00214_compression.jpg,compression,"[0, 0, 700, 455]",Vivaan Iyer,Iyer,Vivaan,20011216,2020-06-08,2025-01-22,C1972181,SGP,M,test
SD_00215,authentic/SD_00215_authentic.jpg,manipulated/SD_00215_mixed.jpg,mixed,"[45, 100, 650, 250]",Anaya Kulkarni,Kulkarni,Anaya,19840509,2017-08-02,2022-03-28,B4556110,IND,M,train
SD_00216,authentic/SD_00216_authentic.jpg,manipulated/SD_00216_text_change.jpg,text_change,"[205, 150, 650, 173]",Rohan Nair,Nair,Rohan,19920820,2024-05-24,2029-06-27,K2166746,SGP,F,test
SD_00217,authentic/SD_00217_authentic.jpg,manipulated/SD_00217_photo_change.jpg,photo_change,"[45, 100, 165, 250]",Kiara Kulkarni,Kulkarni,Kiara,19800323,2011-12-02,2016-02-14,S7972965,AUS,M,test
SD_00218,authentic/SD_00218_authentic.jpg,manipulated/SD_00218_number_change.jpg,number_change,"[205, 188, 650, 211]",Kabir Kapoor,Kapoor,Kabir,20010715,2019-01-03,2029-11-11,A8993588,SGP,M,train
SD_00219,authentic/SD_00219_authentic.jpg,manipulated/SD_00219_date_change.jpg,date_change,"[205, 264, 650, 287]",Kiara Kulkarni,Kulkarni,Kiara,19850622,2017-11-21,2027-03-27,R9002877,USA,M,validation
SD_00220,authentic/SD_00220_authentic.jpg,manipulated/SD_00220_copy_paste.jpg,copy_paste,"[205, 140, 500, 175]",Neel Nair,Nair,Neel,19870908,2010-09-21,2020-07-27,H1779717,CAN,F,test
SD_00221,authentic/SD_00221_authentic.jpg,manipulated/SD_00221_clone.jpg,clone,"[430, 270, 580, 305]",Arjun Kapoor,Kapoor,Arjun,19710714,2011-01-18,2016-02-26,T9488375,GBR,M,train
SD_00222,authentic/SD_00222_authentic.jpg,manipulated/SD_00222_compression.jpg,compression,"[0, 0, 700, 455]",Neel Malhotra,Malhotra,Neel,19990925,2022-10-20,2032-12-22,L7113055,SGP,F,train
SD_00223,authentic/SD_00223_authentic.jpg,manipulated/SD_00223_mixed.jpg,mixed,"[45, 100, 650, 250]",Ira Bose,Bose,Ira,19760316,2010-03-27,2020-02-09,T3316373,SGP,F,test
SD_00224,authentic/SD_00224_authentic.jpg,manipulated/SD_00224_text_change.jpg,text_change,"[205, 150, 650, 173]",Arjun Singh,Singh,Arjun,19961127,2014-11-19,2019-08-15,V9827080,AUS,F,test
SD_00225,authentic/SD_00225_authentic.jpg,manipulated/SD_00225_photo_change.jpg,photo_change,"[45, 100, 165, 250]",Tara Iyer,Iyer,Tara,19811006,2021-12-27,2026-02-13,V9958669,SGP,M,test
SD_00226,authentic/SD_00226_authentic.jpg,manipulated/SD_00226_number_change.jpg,number_change,"[205, 188, 650, 211]",Anaya Joshi,Joshi,Anaya,19910826,2014-03-05,2024-10-23,X8485833,USA,F,train
SD_00227,authentic/SD_00227_authentic.jpg,manipulated/SD_00227_date_change.jpg,date_change,"[205, 264, 650, 287]",Ira Kulkarni,Kulkarni,Ira,19781106,2021-09-18,2031-12-04,Y5879968,GBR,F,train
SD_00228,authentic/SD_00228_authentic.jpg,manipulated/SD_00228_copy_paste.jpg,copy_paste,"[205, 140, 500, 175]",Arjun Sharma,Sharma,Arjun,19940122,2014-01-07,2024-03-10,V4204380,GBR,F,test
SD_00229,authentic/SD_00229_authentic.jpg,manipulated/SD_00229_clone.jpg,clone,"[430, 270, 580, 305]",Arjun Desai,Desai,Arjun,19841118,2021-07-08,2031-12-22,B6665800,SGP,F,train
SD_00230,authentic/SD_00230_authentic.jpg,manipulated/SD_00230_compression.jpg,compression,"[0, 0, 700, 455]",Ishaan Desai,Desai,Ishaan,19981123,2019-12-21,2029-10-18,X9334721,USA,M,validation
SD_00231,authentic/SD_00231_authentic.jpg,manipulated/SD_00231_mixed.jpg,mixed,"[45, 100, 650, 250]",Arjun Joshi,Joshi,Arjun,19720518,2016-05-05,2021-10-28,I0572025,AUS,M,train
SD_00232,authentic/SD_00232_authentic.jpg,manipulated/SD_00232_text_change.jpg,text_change,"[205, 150, 650, 173]",Aadhya Kapoor,Kapoor,Aadhya,19921211,2011-09-08,2016-09-03,Z8268861,GBR,M,train
SD_00233,authentic/SD_00233_authentic.jpg,manipulated/SD_00233_photo_change.jpg,photo_change,"[45, 100, 165, 250]",Ishaan Kulkarni,Kulkarni,Ishaan,19910610,2015-04-25,2025-09-27,Y0157399,USA,M,test
SD_00234,authentic/SD_00234_authentic.jpg,manipulated/SD_00234_number_change.jpg,number_change,"[205, 188, 650, 211]",Diya Joshi,Joshi,Diya,19770518,2016-12-10,2021-09-27,Y5887704,SGP,M,test
SD_00235,authentic/SD_00235_authentic.jpg,manipulated/SD_00235_date_change.jpg,date_change,"[205, 264, 650, 287]",Diya Iyer,Iyer,Diya,19750325,2011-09-18,2016-11-03,G3613861,SGP,M,validation
SD_00236,authentic/SD_00236_authentic.jpg,manipulated/SD_00236_copy_paste.jpg,copy_paste,"[205, 140, 500, 175]",Diya Sharma,Sharma,Diya,19750106,2011-05-18,2016-10-27,H4667665,IND,F,train
SD_00237,authentic/SD_00237_authentic.jpg,manipulated/SD_00237_clone.jpg,clone,"[430, 270, 580, 305]",Arjun Iyer,Iyer,Arjun,19701220,2020-02-25,2025-12-28,C5814491,GBR,F,train
SD_00238,authentic/SD_00238_authentic.jpg,manipulated/SD_00238_compression.jpg,compression,"[0, 0, 700, 455]",Meera Joshi,Joshi,Meera,19710318,2017-04-05,2027-09-10,U2450882,IND,M,test
SD_00239,authentic/SD_00239_authentic.jpg,manipulated/SD_00239_mixed.jpg,mixed,"[45, 100, 650, 250]",Aarav Desai,Desai,Aarav,19950903,2021-05-07,2031-04-14,U8222394,USA,M,train
SD_00240,authentic/SD_00240_authentic.jpg,manipulated/SD_00240_text_change.jpg,text_change,"[205, 150, 650, 173]",Rohan Kulkarni,Kulkarni,Rohan,19730915,2023-11-18,2028-05-22,C4139755,USA,M,train
SD_00241,authentic/SD_00241_authentic.jpg,manipulated/SD_00241_photo_change.jpg,photo_change,"[45, 100, 165, 250]",Arjun Rao,Rao,Arjun,19740411,2024-08-15,2034-10-22,J9299556,USA,M,train
SD_00242,authentic/SD_00242_authentic.jpg,manipulated/SD_00242_number_change.jpg,number_change,"[205, 188, 650, 211]",Diya Mehta,Mehta,Diya,19841221,2021-07-09,2031-03-22,X5777547,AUS,M,train
SD_00243,authentic/SD_00243_authentic.jpg,manipulated/SD_00243_date_change.jpg,date_change,"[205, 264, 650, 287]",Rohan Kulkarni,Kulkarni,Rohan,19750528,2023-03-18,2028-05-24,U1108099,CAN,M,validation
SD_00244,authentic/SD_00244_authentic.jpg,manipulated/SD_00244_copy_paste.jpg,copy_paste,"[205, 140, 500, 175]",Anaya Iyer,Iyer,Anaya,20041125,2023-03-12,2033-04-25,S4278816,GBR,M,train
SD_00245,authentic/SD_00245_authentic.jpg,manipulated/SD_00245_clone.jpg,clone,"[430, 270, 580, 305]",Neel Malhotra,Malhotra,Neel,19800905,2022-08-06,2027-10-19,V2750373,IND,F,validation
SD_00246,authentic/SD_00246_authentic.jpg,manipulated/SD_00246_compression.jpg,compression,"[0, 0, 700, 455]",Ira Mehta,Mehta,Ira,19720417,2020-06-13,2030-08-02,B5184498,AUS,M,validation
SD_00247,authentic/SD_00247_authentic.jpg,manipulated/SD_00247_mixed.jpg,mixed,"[45, 100, 650, 250]",Meera Kulkarni,Kulkarni,Meera,19941021,2017-02-17,2027-07-08,Q6557790,AUS,M,train
SD_00248,authentic/SD_00248_authentic.jpg,manipulated/SD_00248_text_change.jpg,text_change,"[205, 150, 650, 173]",Sara Verma,Verma,Sara,19840921,2011-05-07,2016-03-06,L9136517,SGP,F,validation
SD_00249,authentic/SD_00249_authentic.jpg,manipulated/SD_00249_photo_change.jpg,photo_change,"[45, 100, 165, 250]",Tara Mehta,Mehta,Tara,19800701,2020-04-02,2025-10-19,F2809202,GBR,M,train
SD_00250,authentic/SD_00250_authentic.jpg,manipulated/SD_00250_number_change.jpg,number_change,"[205, 188, 650, 211]",Meera Desai,Desai,Meera,19711224,2024-11-27,2034-02-07,O9772369,USA,M,test
SD_00251,authentic/SD_00251_authentic.jpg,manipulated/SD_00251_date_change.jpg,date_change,"[205, 264, 650, 287]",Anaya Verma,Verma,Anaya,19910820,2024-10-03,2029-07-13,E1038862,AUS,M,train
SD_00252,authentic/SD_00252_authentic.jpg,manipulated/SD_00252_copy_paste.jpg,copy_paste,"[205, 140, 500, 175]",Vivaan Singh,Singh,Vivaan,20040203,2024-08-22,2029-10-18,A6865086,USA,F,test
SD_00253,authentic/SD_00253_authentic.jpg,manipulated/SD_00253_clone.jpg,clone,"[430, 270, 580, 305]",Meera Nair,Nair,Meera,19760309,2016-08-25,2021-02-10,T8643009,AUS,M,validation
SD_00254,authentic/SD_00254_authentic.jpg,manipulated/SD_00254_compression.jpg,compression,"[0, 0, 700, 455]",Aarav Joshi,Joshi,Aarav,19830614,2021-06-04,2026-07-21,S4486959,GBR,F,train
SD_00255,authentic/SD_00255_authentic.jpg,manipulated/SD_00255_mixed.jpg,mixed,"[45, 100, 650, 250]",Ishaan Joshi,Joshi,Ishaan,20000618,2019-09-16,2029-05-19,L6213721,USA,F,train
SD_00256,authentic/SD_00256_authentic.jpg,manipulated/SD_00256_text_change.jpg,text_change,"[205, 150, 650, 173]",Diya Singh,Singh,Diya,19730721,2012-01-26,2017-03-16,T6114351,AUS,M,train
SD_00257,authentic/SD_00257_authentic.jpg,manipulated/SD_00257_photo_change.jpg,photo_change,"[45, 100, 165, 250]",Meera Joshi,Joshi,Meera,20031220,2023-01-25,2028-11-16,O0384309,AUS,M,validation
SD_00258,authentic/SD_00258_authentic.jpg,manipulated/SD_00258_number_change.jpg,number_change,"[205, 188, 650, 211]",Rohan Kulkarni,Kulkarni,Rohan,19720421,2015-01-06,2020-05-25,M5669380,SGP,M,train
SD_00259,authentic/SD_00259_authentic.jpg,manipulated/SD_00259_date_change.jpg,date_change,"[205, 264, 650, 287]",Aditya Iyer,Iyer,Aditya,19880919,2021-06-12,2031-04-20,G7690426,AUS,M,train
SD_00260,authentic/SD_00260_authentic.jpg,manipulated/SD_00260_copy_paste.jpg,copy_paste,"[205, 140, 500, 175]",Aadhya Nair,Nair,Aadhya,19770909,2022-09-27,2032-12-15,M9735779,IND,F,train
SD_00261,authentic/SD_00261_authentic.jpg,manipulated/SD_00261_clone.jpg,clone,"[430, 270, 580, 305]",Arjun Rao,Rao,Arjun,19741126,2016-04-22,2021-06-14,L8804341,CAN,F,train
SD_00262,authentic/SD_00262_authentic.jpg,manipulated/SD_00262_compression.jpg,compression,"[0, 0, 700, 455]",Aditya Iyer,Iyer,Aditya,19810612,2017-04-19,2027-03-24,V3733343,USA,M,train
SD_00263,authentic/SD_00263_authentic.jpg,manipulated/SD_00263_mixed.jpg,mixed,"[45, 100, 650, 250]",Neel Malhotra,Malhotra,Neel,19920204,2012-02-22,2022-10-01,Y8075957,AUS,F,train
SD_00264,authentic/SD_00264_authentic.jpg,manipulated/SD_00264_text_change.jpg,text_change,"[205, 150, 650, 173]",Tara Verma,Verma,Tara,20020708,2022-10-05,2027-09-26,N7808562,CAN,M,train
SD_00265,authentic/SD_00265_authentic.jpg,manipulated/SD_00265_photo_change.jpg,photo_change,"[45, 100, 165, 250]",Sara Nair,Nair,Sara,19701107,2010-07-19,2015-06-12,T4284347,AUS,F,train
SD_00266,authentic/SD_00266_authentic.jpg,manipulated/SD_00266_number_change.jpg,number_change,"[205, 188, 650, 211]",Ira Verma,Verma,Ira,20010414,2022-12-25,2032-06-28,M4729293,IND,F,train
SD_00267,authentic/SD_00267_authentic.jpg,manipulated/SD_00267_date_change.jpg,date_change,"[205, 264, 650, 287]",Neel Iyer,Iyer,Neel,19970405,2021-12-05,2031-01-06,N7288574,GBR,M,train
SD_00268,authentic/SD_00268_authentic.jpg,manipulated/SD_00268_copy_paste.jpg,copy_paste,"[205, 140, 500, 175]",Rohan Sharma,Sharma,Rohan,19830516,2023-11-04,2033-12-11,I5588450,CAN,M,train
SD_00269,authentic/SD_00269_authentic.jpg,manipulated/SD_00269_clone.jpg,clone,"[430, 270, 580, 305]",Ira Malhotra,Malhotra,Ira,19821021,2019-11-18,2024-05-12,K8771694,CAN,M,validation
SD_00270,authentic/SD_00270_authentic.jpg,manipulated/SD_00270_compression.jpg,compression,"[0, 0, 700, 455]",Rohan Kulkarni,Kulkarni,Rohan,19911120,2016-10-13,2021-02-06,K3554496,GBR,F,test
SD_00271,authentic/SD_00271_authentic.jpg,manipulated/SD_00271_mixed.jpg,mixed,"[45, 100, 650, 250]",Ira Bose,Bose,Ira,20030706,2024-03-28,2029-03-24,H4132611,IND,F,test
SD_00272,authentic/SD_00272_authentic.jpg,manipulated/SD_00272_text_change.jpg,text_change,"[205, 150, 650, 173]",Vivaan Sharma,Sharma,Vivaan,19950204,2021-05-20,2026-02-21,M4334722,AUS,M,train
SD_00273,authentic/SD_00273_authentic.jpg,manipulated/SD_00273_photo_change.jpg,photo_change,"[45, 100, 165, 250]",Aarav Sharma,Sharma,Aarav,19920628,2023-08-15,2033-09-15,E8299796,AUS,F,test
SD_00274,authentic/SD_00274_authentic.jpg,manipulated/SD_00274_number_change.jpg,number_change,"[205, 188, 650, 211]",Ira Kapoor,Kapoor,Ira,20040215,2022-05-12,2032-05-05,J0082547,AUS,M,test
SD_00275,authentic/SD_00275_authentic.jpg,manipulated/SD_00275_date_change.jpg,date_change,"[205, 264, 650, 287]",Tara Singh,Singh,Tara,20000125,2020-07-26,2030-10-08,Z0853686,CAN,M,train
SD_00276,authentic/SD_00276_authentic.jpg,manipulated/SD_00276_copy_paste.jpg,copy_paste,"[205, 140, 500, 175]",Meera Mehta,Mehta,Meera,19860721,2011-04-17,2021-05-21,X8463122,GBR,M,test
SD_00277,authentic/SD_00277_authentic.jpg,manipulated/SD_00277_clone.jpg,clone,"[430, 270, 580, 305]",Sara Desai,Desai,Sara,19981220,2020-08-07,2030-01-05,B8021442,SGP,F,train
SD_00278,authentic/SD_00278_authentic.jpg,manipulated/SD_00278_compression.jpg,compression,"[0, 0, 700, 455]",Aarav Mehta,Mehta,Aarav,19750116,2012-04-11,2022-05-26,Z7570512,IND,F,train
SD_00279,authentic/SD_00279_authentic.jpg,manipulated/SD_00279_mixed.jpg,mixed,"[45, 100, 650, 250]",Meera Patel,Patel,Meera,20040307,2023-05-27,2033-01-04,Y3673037,SGP,M,train
SD_00280,authentic/SD_00280_authentic.jpg,manipulated/SD_00280_text_change.jpg,text_change,"[205, 150, 650, 173]",Ishaan Kapoor,Kapoor,Ishaan,19940511,2022-03-21,2027-12-18,Q1474350,SGP,M,train
SD_00281,authentic/SD_00281_authentic.jpg,manipulated/SD_00281_photo_change.jpg,photo_change,"[45, 100, 165, 250]",Arjun Mehta,Mehta,Arjun,19970106,2020-05-19,2025-07-26,H0097925,IND,M,test
SD_00282,authentic/SD_00282_authentic.jpg,manipulated/SD_00282_number_change.jpg,number_change,"[205, 188, 650, 211]",Rohan Kapoor,Kapoor,Rohan,19751011,2020-11-02,2025-06-21,E8127358,SGP,F,train
SD_00283,authentic/SD_00283_authentic.jpg,manipulated/SD_00283_date_change.jpg,date_change,"[205, 264, 650, 287]",Sara Bose,Bose,Sara,19821213,2010-06-24,2015-05-02,P7848739,USA,F,train
SD_00284,authentic/SD_00284_authentic.jpg,manipulated/SD_00284_copy_paste.jpg,copy_paste,"[205, 140, 500, 175]",Anaya Malhotra,Malhotra,Anaya,19800905,2011-08-10,2021-09-12,O0862095,AUS,M,test
SD_00285,authentic/SD_00285_authentic.jpg,manipulated/SD_00285_clone.jpg,clone,"[430, 270, 580, 305]",Diya Bose,Bose,Diya,19740927,2020-07-07,2030-09-05,T4565118,SGP,M,validation
SD_00286,authentic/SD_00286_authentic.jpg,manipulated/SD_00286_compression.jpg,compression,"[0, 0, 700, 455]",Vivaan Malhotra,Malhotra,Vivaan,19780107,2012-02-16,2017-02-02,S6789940,GBR,M,train
SD_00287,authentic/SD_00287_authentic.jpg,manipulated/SD_00287_mixed.jpg,mixed,"[45, 100, 650, 250]",Aditya Sharma,Sharma,Aditya,19830827,2020-02-15,2025-06-18,X6509480,SGP,M,train
SD_00288,authentic/SD_00288_authentic.jpg,manipulated/SD_00288_text_change.jpg,text_change,"[205, 150, 650, 173]",Aadhya Patel,Patel,Aadhya,19830204,2018-12-08,2028-04-07,Q3928861,SGP,F,train
SD_00289,authentic/SD_00289_authentic.jpg,manipulated/SD_00289_photo_change.jpg,photo_change,"[45, 100, 165, 250]",Sara Bose,Bose,Sara,19970326,2016-03-18,2026-09-11,V2897558,GBR,F,train
SD_00290,authentic/SD_00290_authentic.jpg,manipulated/SD_00290_number_change.jpg,number_change,"[205, 188, 650, 211]",Kiara Singh,Singh,Kiara,19971008,2020-10-18,2025-07-25,R4577600,GBR,M,train
SD_00291,authentic/SD_00291_authentic.jpg,manipulated/SD_00291_date_change.jpg,date_change,"[205, 264, 650, 287]",Kabir Rao,Rao,Kabir,19700407,2014-06-01,2024-09-17,R9921075,USA,M,train
SD_00292,authentic/SD_00292_authentic.jpg,manipulated/SD_00292_copy_paste.jpg,copy_paste,"[205, 140, 500, 175]",Neel Mehta,Mehta,Neel,19860503,2022-10-13,2027-12-03,X5727919,SGP,F,train
SD_00293,authentic/SD_00293_authentic.jpg,manipulated/SD_00293_clone.jpg,clone,"[430, 270, 580, 305]",Vivaan Bose,Bose,Vivaan,19940125,2013-06-12,2023-07-28,D3906048,IND,F,train
SD_00294,authentic/SD_00294_authentic.jpg,manipulated/SD_00294_compression.jpg,compression,"[0, 0, 700, 455]",Kabir Nair,Nair,Kabir,20020302,2021-11-24,2031-08-25,T9813646,USA,M,train
SD_00295,authentic/SD_00295_authentic.jpg,manipulated/SD_00295_mixed.jpg,mixed,"[45, 100, 650, 250]",Diya Patel,Patel,Diya,20001202,2022-09-13,2032-02-13,Q6227837,CAN,M,train
SD_00296,authentic/SD_00296_authentic.jpg,manipulated/SD_00296_text_change.jpg,text_change,"[205, 150, 650, 173]",Neel Mehta,Mehta,Neel,19740711,2014-11-19,2019-02-22,N6553559,SGP,M,test
SD_00297,authentic/SD_00297_authentic.jpg,manipulated/SD_00297_photo_change.jpg,photo_change,"[45, 100, 165, 250]",Aadhya Verma,Verma,Aadhya,19920820,2019-03-15,2024-04-07,V5211039,USA,F,train
SD_00298,authentic/SD_00298_authentic.jpg,manipulated/SD_00298_number_change.jpg,number_change,"[205, 188, 650, 211]",Aarav Nair,Nair,Aarav,19770816,2014-01-11,2019-12-18,G3884879,SGP,M,train
SD_00299,authentic/SD_00299_authentic.jpg,manipulated/SD_00299_date_change.jpg,date_change,"[205, 264, 650, 287]",Aarav Joshi,Joshi,Aarav,20030506,2021-01-10,2026-12-20,I0701645,IND,M,train
SD_00300,authentic/SD_00300_authentic.jpg,manipulated/SD_00300_copy_paste.jpg,copy_paste,"[205, 140, 500, 175]",Neel Joshi,Joshi,Neel,20020616,2020-10-18,2025-03-07,Q7800384,GBR,F,test
SD_00301,authentic/SD_00301_authentic.jpg,manipulated/SD_00301_clone.jpg,clone,"[430, 270, 580, 305]",Meera Bose,Bose,Meera,19800622,2010-06-12,2020-04-17,I0460843,USA,F,train
SD_00302,authentic/SD_00302_authentic.jpg,manipulated/SD_00302_compression.jpg,compression,"[0, 0, 700, 455]",Meera Kulkarni,Kulkarni,Meera,19781213,2011-09-22,2016-07-08,S2649578,USA,M,train
SD_00303,authentic/SD_00303_authentic.jpg,manipulated/SD_00303_mixed.jpg,mixed,"[45, 100, 650, 250]",Kabir Desai,Desai,Kabir,20040428,2024-03-10,2029-07-25,E9251881,USA,F,train
SD_00304,authentic/SD_00304_authentic.jpg,manipulated/SD_00304_text_change.jpg,text_change,"[205, 150, 650, 173]",Kabir Bose,Bose,Kabir,19710614,2022-07-10,2032-12-27,U4231220,AUS,F,train
SD_00305,authentic/SD_00305_authentic.jpg,manipulated/SD_00305_photo_change.jpg,photo_change,"[45, 100, 165, 250]",Neel Desai,Desai,Neel,19841101,2013-06-03,2023-03-17,T7526772,USA,M,validation
SD_00306,authentic/SD_00306_authentic.jpg,manipulated/SD_00306_number_change.jpg,number_change,"[205, 188, 650, 211]",Neel Sharma,Sharma,Neel,19960514,2014-04-24,2019-04-03,F7975736,CAN,M,train
SD_00307,authentic/SD_00307_authentic.jpg,manipulated/SD_00307_date_change.jpg,date_change,"[205, 264, 650, 287]",Meera Bose,Bose,Meera,19901024,2016-10-20,2021-09-04,O7038860,AUS,F,train
SD_00308,authentic/SD_00308_authentic.jpg,manipulated/SD_00308_copy_paste.jpg,copy_paste,"[205, 140, 500, 175]",Ishaan Rao,Rao,Ishaan,19980525,2022-05-15,2027-07-10,T0827718,IND,M,train
SD_00309,authentic/SD_00309_authentic.jpg,manipulated/SD_00309_clone.jpg,clone,"[430, 270, 580, 305]",Kabir Joshi,Joshi,Kabir,19960801,2019-03-15,2024-08-03,I5211175,IND,F,train
SD_00310,authentic/SD_00310_authentic.jpg,manipulated/SD_00310_compression.jpg,compression,"[0, 0, 700, 455]",Rohan Joshi,Joshi,Rohan,19940311,2012-10-28,2017-03-28,E2064474,SGP,M,train
SD_00311,authentic/SD_00311_authentic.jpg,manipulated/SD_00311_mixed.jpg,mixed,"[45, 100, 650, 250]",Arjun Verma,Verma,Arjun,19821025,2010-05-01,2020-08-28,P8097339,SGP,F,train
SD_00312,authentic/SD_00312_authentic.jpg,manipulated/SD_00312_text_change.jpg,text_change,"[205, 150, 650, 173]",Sara Joshi,Joshi,Sara,19981020,2017-01-08,2027-10-21,R3022050,USA,M,train
SD_00313,authentic/SD_00313_authentic.jpg,manipulated/SD_00313_photo_change.jpg,photo_change,"[45, 100, 165, 250]",Aadhya Nair,Nair,Aadhya,19750214,2010-03-06,2020-10-22,W9982795,IND,M,train
SD_00314,authentic/SD_00314_authentic.jpg,manipulated/SD_00314_number_change.jpg,number_change,"[205, 188, 650, 211]",Aadhya Nair,Nair,Aadhya,19930225,2017-07-27,2022-05-16,E1458683,SGP,M,validation
SD_00315,authentic/SD_00315_authentic.jpg,manipulated/SD_00315_date_change.jpg,date_change,"[205, 264, 650, 287]",Vivaan Patel,Patel,Vivaan,20030824,2021-12-20,2031-07-20,K4899529,AUS,F,train
SD_00316,authentic/SD_00316_authentic.jpg,manipulated/SD_00316_copy_paste.jpg,copy_paste,"[205, 140, 500, 175]",Tara Singh,Singh,Tara,19811008,2024-12-10,2029-01-04,A7139660,GBR,F,train
SD_00317,authentic/SD_00317_authentic.jpg,manipulated/SD_00317_clone.jpg,clone,"[430, 270, 580, 305]",Ishaan Sharma,Sharma,Ishaan,19820509,2021-02-10,2031-09-18,K0155699,IND,M,train
SD_00318,authentic/SD_00318_authentic.jpg,manipulated/SD_00318_compression.jpg,compression,"[0, 0, 700, 455]",Ishaan Nair,Nair,Ishaan,19911116,2024-08-26,2029-11-05,P2785760,AUS,F,train
SD_00319,authentic/SD_00319_authentic.jpg,manipulated/SD_00319_mixed.jpg,mixed,"[45, 100, 650, 250]",Diya Iyer,Iyer,Diya,20040419,2022-11-11,2032-02-05,I0568299,CAN,M,validation
SD_00320,authentic/SD_00320_authentic.jpg,manipulated/SD_00320_text_change.jpg,text_change,"[205, 150, 650, 173]",Arjun Malhotra,Malhotra,Arjun,19890623,2021-01-09,2031-02-16,H5743842,IND,F,train
SD_00321,authentic/SD_00321_authentic.jpg,manipulated/SD_00321_photo_change.jpg,photo_change,"[45, 100, 165, 250]",Vivaan Singh,Singh,Vivaan,19820215,2024-09-01,2034-09-05,G5784521,AUS,M,train
SD_00322,authentic/SD_00322_authentic.jpg,manipulated/SD_00322_number_change.jpg,number_change,"[205, 188, 650, 211]",Ishaan Bose,Bose,Ishaan,19720723,2017-09-04,2022-05-02,V9157018,SGP,F,test
SD_00323,authentic/SD_00323_authentic.jpg,manipulated/SD_00323_date_change.jpg,date_change,"[205, 264, 650, 287]",Aarav Desai,Desai,Aarav,19890411,2020-04-07,2030-05-18,K7142241,IND,M,test
SD_00324,authentic/SD_00324_authentic.jpg,manipulated/SD_00324_copy_paste.jpg,copy_paste,"[205, 140, 500, 175]",Ira Iyer,Iyer,Ira,19900323,2014-05-19,2019-03-03,J9587020,CAN,M,train
SD_00325,authentic/SD_00325_authentic.jpg,manipulated/SD_00325_clone.jpg,clone,"[430, 270, 580, 305]",Arjun Joshi,Joshi,Arjun,19730713,2011-03-23,2021-10-12,J5381792,IND,F,train
SD_00326,authentic/SD_00326_authentic.jpg,manipulated/SD_00326_compression.jpg,compression,"[0, 0, 700, 455]",Arjun Kapoor,Kapoor,Arjun,19891123,2020-08-16,2025-04-05,T4562557,CAN,M,train
SD_00327,authentic/SD_00327_authentic.jpg,manipulated/SD_00327_mixed.jpg,mixed,"[45, 100, 650, 250]",Aditya Kapoor,Kapoor,Aditya,19770815,2015-03-10,2025-10-19,E8161581,GBR,F,train
SD_00328,authentic/SD_00328_authentic.jpg,manipulated/SD_00328_text_change.jpg,text_change,"[205, 150, 650, 173]",Meera Desai,Desai,Meera,19961008,2017-09-06,2027-07-03,K3966958,SGP,M,train
SD_00329,authentic/SD_00329_authentic.jpg,manipulated/SD_00329_photo_change.jpg,photo_change,"[45, 100, 165, 250]",Rohan Kulkarni,Kulkarni,Rohan,19741219,2021-08-04,2031-06-18,D7246191,SGP,F,train
SD_00330,authentic/SD_00330_authentic.jpg,manipulated/SD_00330_number_change.jpg,number_change,"[205, 188, 650, 211]",Diya Kapoor,Kapoor,Diya,19730427,2011-03-19,2016-03-22,E7846997,USA,M,train
SD_00331,authentic/SD_00331_authentic.jpg,manipulated/SD_00331_date_change.jpg,date_change,"[205, 264, 650, 287]",Diya Rao,Rao,Diya,19890723,2024-06-03,2029-10-17,M2405800,SGP,F,validation
SD_00332,authentic/SD_00332_authentic.jpg,manipulated/SD_00332_copy_paste.jpg,copy_paste,"[205, 140, 500, 175]",Aarav Mehta,Mehta,Aarav,19970721,2024-06-23,2034-07-13,N8327238,CAN,F,test
SD_00333,authentic/SD_00333_authentic.jpg,manipulated/SD_00333_clone.jpg,clone,"[430, 270, 580, 305]",Kiara Verma,Verma,Kiara,19881105,2023-03-01,2028-11-01,E7621267,SGP,F,train
SD_00334,authentic/SD_00334_authentic.jpg,manipulated/SD_00334_compression.jpg,compression,"[0, 0, 700, 455]",Rohan Kapoor,Kapoor,Rohan,20020927,2023-08-13,2033-04-06,N9097384,CAN,F,train
SD_00335,authentic/SD_00335_authentic.jpg,manipulated/SD_00335_mixed.jpg,mixed,"[45, 100, 650, 250]",Vivaan Sharma,Sharma,Vivaan,20000604,2023-10-16,2028-03-24,X8478189,IND,M,train
SD_00336,authentic/SD_00336_authentic.jpg,manipulated/SD_00336_text_change.jpg,text_change,"[205, 150, 650, 173]",Tara Kulkarni,Kulkarni,Tara,19741118,2020-10-10,2025-06-18,Y0778795,CAN,F,train
SD_00337,authentic/SD_00337_authentic.jpg,manipulated/SD_00337_photo_change.jpg,photo_change,"[45, 100, 165, 250]",Aadhya Rao,Rao,Aadhya,19801220,2010-12-10,2020-01-21,P9290490,GBR,F,train
SD_00338,authentic/SD_00338_authentic.jpg,manipulated/SD_00338_number_change.jpg,number_change,"[205, 188, 650, 211]",Aditya Verma,Verma,Aditya,20020509,2020-03-20,2030-05-28,I0192927,GBR,M,validation
SD_00339,authentic/SD_00339_authentic.jpg,manipulated/SD_00339_date_change.jpg,date_change,"[205, 264, 650, 287]",Anaya Singh,Singh,Anaya,19850326,2017-09-28,2022-06-03,E9276637,SGP,M,train
SD_00340,authentic/SD_00340_authentic.jpg,manipulated/SD_00340_copy_paste.jpg,copy_paste,"[205, 140, 500, 175]",Ira Sharma,Sharma,Ira,19860202,2022-03-15,2032-08-10,P8366742,AUS,F,train
SD_00341,authentic/SD_00341_authentic.jpg,manipulated/SD_00341_clone.jpg,clone,"[430, 270, 580, 305]",Aarav Rao,Rao,Aarav,19981111,2022-09-22,2027-02-18,U5694544,IND,F,train
SD_00342,authentic/SD_00342_authentic.jpg,manipulated/SD_00342_compression.jpg,compression,"[0, 0, 700, 455]",Meera Kapoor,Kapoor,Meera,19851119,2021-04-17,2031-11-23,F5800106,IND,M,train
SD_00343,authentic/SD_00343_authentic.jpg,manipulated/SD_00343_mixed.jpg,mixed,"[45, 100, 650, 250]",Sara Nair,Nair,Sara,19840509,2021-04-02,2026-10-03,B9391119,USA,F,train
SD_00344,authentic/SD_00344_authentic.jpg,manipulated/SD_00344_text_change.jpg,text_change,"[205, 150, 650, 173]",Rohan Patel,Patel,Rohan,19810515,2014-11-03,2024-05-25,N5421406,CAN,F,test
SD_00345,authentic/SD_00345_authentic.jpg,manipulated/SD_00345_photo_change.jpg,photo_change,"[45, 100, 165, 250]",Vivaan Rao,Rao,Vivaan,19860803,2012-08-07,2022-03-21,P1286391,CAN,F,train
SD_00346,authentic/SD_00346_authentic.jpg,manipulated/SD_00346_number_change.jpg,number_change,"[205, 188, 650, 211]",Arjun Sharma,Sharma,Arjun,19741024,2011-05-25,2021-01-16,E0064256,AUS,M,validation
SD_00347,authentic/SD_00347_authentic.jpg,manipulated/SD_00347_date_change.jpg,date_change,"[205, 264, 650, 287]",Tara Kapoor,Kapoor,Tara,19971225,2021-02-18,2026-01-13,W7198554,CAN,M,train
SD_00348,authentic/SD_00348_authentic.jpg,manipulated/SD_00348_copy_paste.jpg,copy_paste,"[205, 140, 500, 175]",Diya Patel,Patel,Diya,19991107,2021-03-18,2026-07-22,G4615717,SGP,M,test
SD_00349,authentic/SD_00349_authentic.jpg,manipulated/SD_00349_clone.jpg,clone,"[430, 270, 580, 305]",Kabir Sharma,Sharma,Kabir,19821219,2010-04-16,2020-02-26,R4787005,IND,F,train
SD_00350,authentic/SD_00350_authentic.jpg,manipulated/SD_00350_compression.jpg,compression,"[0, 0, 700, 455]",Vivaan Joshi,Joshi,Vivaan,19771122,2013-09-15,2018-12-19,H1027079,IND,M,train
SD_00351,authentic/SD_00351_authentic.jpg,manipulated/SD_00351_mixed.jpg,mixed,"[45, 100, 650, 250]",Kabir Sharma,Sharma,Kabir,19810110,2020-02-15,2025-10-03,D1799313,CAN,F,train
SD_00352,authentic/SD_00352_authentic.jpg,manipulated/SD_00352_text_change.jpg,text_change,"[205, 150, 650, 173]",Meera Nair,Nair,Meera,19771018,2020-03-11,2025-01-19,F5114262,SGP,F,test
SD_00353,authentic/SD_00353_authentic.jpg,manipulated/SD_00353_photo_change.jpg,photo_change,"[45, 100, 165, 250]",Rohan Kapoor,Kapoor,Rohan,19851002,2024-03-04,2034-03-01,P1002194,CAN,F,train
SD_00354,authentic/SD_00354_authentic.jpg,manipulated/SD_00354_number_change.jpg,number_change,"[205, 188, 650, 211]",Kabir Mehta,Mehta,Kabir,19790517,2020-08-14,2025-03-20,W0927914,GBR,F,train
SD_00355,authentic/SD_00355_authentic.jpg,manipulated/SD_00355_date_change.jpg,date_change,"[205, 264, 650, 287]",Aarav Iyer,Iyer,Aarav,19850217,2013-02-20,2023-09-17,H7340312,SGP,F,train
SD_00356,authentic/SD_00356_authentic.jpg,manipulated/SD_00356_copy_paste.jpg,copy_paste,"[205, 140, 500, 175]",Rohan Kulkarni,Kulkarni,Rohan,19721112,2010-05-07,2020-05-11,T7010822,IND,F,train
SD_00357,authentic/SD_00357_authentic.jpg,manipulated/SD_00357_clone.jpg,clone,"[430, 270, 580, 305]",Arjun Patel,Patel,Arjun,19850819,2021-10-11,2031-04-24,V5315313,SGP,F,train
SD_00358,authentic/SD_00358_authentic.jpg,manipulated/SD_00358_compression.jpg,compression,"[0, 0, 700, 455]",Ishaan Joshi,Joshi,Ishaan,19840819,2011-08-02,2021-03-07,T7265273,SGP,F,train
SD_00359,authentic/SD_00359_authentic.jpg,manipulated/SD_00359_mixed.jpg,mixed,"[45, 100, 650, 250]",Anaya Mehta,Mehta,Anaya,19910123,2012-10-02,2022-03-04,O7625349,USA,M,train
SD_00360,authentic/SD_00360_authentic.jpg,manipulated/SD_00360_text_change.jpg,text_change,"[205, 150, 650, 173]",Neel Patel,Patel,Neel,19960828,2022-04-19,2032-08-09,A6335693,AUS,M,train
SD_00361,authentic/SD_00361_authentic.jpg,manipulated/SD_00361_photo_change.jpg,photo_change,"[45, 100, 165, 250]",Aarav Joshi,Joshi,Aarav,19720824,2010-09-02,2020-09-13,P1773180,SGP,F,train
SD_00362,authentic/SD_00362_authentic.jpg,manipulated/SD_00362_number_change.jpg,number_change,"[205, 188, 650, 211]",Ishaan Verma,Verma,Ishaan,19920421,2014-02-01,2024-11-10,F7990772,SGP,F,validation
SD_00363,authentic/SD_00363_authentic.jpg,manipulated/SD_00363_date_change.jpg,date_change,"[205, 264, 650, 287]",Rohan Singh,Singh,Rohan,19930823,2021-11-01,2026-07-23,K8046498,AUS,M,test
SD_00364,authentic/SD_00364_authentic.jpg,manipulated/SD_00364_copy_paste.jpg,copy_paste,"[205, 140, 500, 175]",Diya Bose,Bose,Diya,19731112,2018-01-04,2028-06-15,T0552818,SGP,M,train
SD_00365,authentic/SD_00365_authentic.jpg,manipulated/SD_00365_clone.jpg,clone,"[430, 270, 580, 305]",Kabir Nair,Nair,Kabir,19850221,2018-08-24,2023-12-25,H5548640,IND,F,train
SD_00366,authentic/SD_00366_authentic.jpg,manipulated/SD_00366_compression.jpg,compression,"[0, 0, 700, 455]",Ira Kapoor,Kapoor,Ira,20010927,2023-02-16,2033-08-20,L1371162,GBR,M,train
SD_00367,authentic/SD_00367_authentic.jpg,manipulated/SD_00367_mixed.jpg,mixed,"[45, 100, 650, 250]",Arjun Verma,Verma,Arjun,19871205,2011-08-05,2016-09-21,A4682756,CAN,M,test
SD_00368,authentic/SD_00368_authentic.jpg,manipulated/SD_00368_text_change.jpg,text_change,"[205, 150, 650, 173]",Aadhya Mehta,Mehta,Aadhya,19740427,2010-09-21,2020-07-19,K5798877,GBR,M,train
SD_00369,authentic/SD_00369_authentic.jpg,manipulated/SD_00369_photo_change.jpg,photo_change,"[45, 100, 165, 250]",Aadhya Verma,Verma,Aadhya,19860812,2013-05-25,2018-03-12,J7292842,USA,M,train
SD_00370,authentic/SD_00370_authentic.jpg,manipulated/SD_00370_number_change.jpg,number_change,"[205, 188, 650, 211]",Rohan Mehta,Mehta,Rohan,19770619,2010-03-15,2020-06-06,G8055257,AUS,M,test
SD_00371,authentic/SD_00371_authentic.jpg,manipulated/SD_00371_date_change.jpg,date_change,"[205, 264, 650, 287]",Aadhya Patel,Patel,Aadhya,19710825,2016-03-15,2026-03-01,X8854749,SGP,M,validation
SD_00372,authentic/SD_00372_authentic.jpg,manipulated/SD_00372_copy_paste.jpg,copy_paste,"[205, 140, 500, 175]",Diya Bose,Bose,Diya,19770802,2021-03-22,2026-05-01,M9375150,AUS,M,train
SD_00373,authentic/SD_00373_authentic.jpg,manipulated/SD_00373_clone.jpg,clone,"[430, 270, 580, 305]",Neel Singh,Singh,Neel,19870103,2013-09-28,2023-11-22,C8637599,AUS,M,test
SD_00374,authentic/SD_00374_authentic.jpg,manipulated/SD_00374_compression.jpg,compression,"[0, 0, 700, 455]",Ira Joshi,Joshi,Ira,19790712,2021-07-12,2026-05-12,L4781376,CAN,F,train
SD_00375,authentic/SD_00375_authentic.jpg,manipulated/SD_00375_mixed.jpg,mixed,"[45, 100, 650, 250]",Rohan Singh,Singh,Rohan,19970327,2021-10-20,2026-03-07,J7851961,IND,F,train
SD_00376,authentic/SD_00376_authentic.jpg,manipulated/SD_00376_text_change.jpg,text_change,"[205, 150, 650, 173]",Anaya Joshi,Joshi,Anaya,19810823,2018-10-25,2023-04-06,M4870494,CAN,F,train
SD_00377,authentic/SD_00377_authentic.jpg,manipulated/SD_00377_photo_change.jpg,photo_change,"[45, 100, 165, 250]",Neel Sharma,Sharma,Neel,19700510,2012-11-27,2022-02-21,V4627301,GBR,F,train
SD_00378,authentic/SD_00378_authentic.jpg,manipulated/SD_00378_number_change.jpg,number_change,"[205, 188, 650, 211]",Aditya Desai,Desai,Aditya,19930819,2020-07-28,2030-11-22,P1589042,AUS,M,train
SD_00379,authentic/SD_00379_authentic.jpg,manipulated/SD_00379_date_change.jpg,date_change,"[205, 264, 650, 287]",Kabir Nair,Nair,Kabir,19990606,2019-01-09,2029-07-21,L0448183,SGP,M,test
SD_00380,authentic/SD_00380_authentic.jpg,manipulated/SD_00380_copy_paste.jpg,copy_paste,"[205, 140, 500, 175]",Rohan Iyer,Iyer,Rohan,19900627,2023-11-26,2033-05-22,W5189520,USA,F,train
SD_00381,authentic/SD_00381_authentic.jpg,manipulated/SD_00381_clone.jpg,clone,"[430, 270, 580, 305]",Ira Singh,Singh,Ira,20010606,2022-02-07,2027-09-08,G8988816,CAN,M,train
SD_00382,authentic/SD_00382_authentic.jpg,manipulated/SD_00382_compression.jpg,compression,"[0, 0, 700, 455]",Arjun Malhotra,Malhotra,Arjun,19780116,2024-06-10,2034-03-27,O9852401,USA,M,validation
SD_00383,authentic/SD_00383_authentic.jpg,manipulated/SD_00383_mixed.jpg,mixed,"[45, 100, 650, 250]",Kabir Bose,Bose,Kabir,19840307,2014-03-03,2024-12-25,Z1107603,IND,M,train
SD_00384,authentic/SD_00384_authentic.jpg,manipulated/SD_00384_text_change.jpg,text_change,"[205, 150, 650, 173]",Vivaan Kapoor,Kapoor,Vivaan,19770502,2024-02-10,2029-02-26,D9393250,IND,M,train
SD_00385,authentic/SD_00385_authentic.jpg,manipulated/SD_00385_photo_change.jpg,photo_change,"[45, 100, 165, 250]",Anaya Desai,Desai,Anaya,19920328,2015-09-25,2020-09-19,C1908334,USA,M,train
SD_00386,authentic/SD_00386_authentic.jpg,manipulated/SD_00386_number_change.jpg,number_change,"[205, 188, 650, 211]",Arjun Mehta,Mehta,Arjun,20020623,2023-10-06,2033-11-04,F5663836,IND,F,train
SD_00387,authentic/SD_00387_authentic.jpg,manipulated/SD_00387_date_change.jpg,date_change,"[205, 264, 650, 287]",Arjun Kapoor,Kapoor,Arjun,19770316,2018-06-23,2028-09-24,B1571647,AUS,F,test
SD_00388,authentic/SD_00388_authentic.jpg,manipulated/SD_00388_copy_paste.jpg,copy_paste,"[205, 140, 500, 175]",Kiara Rao,Rao,Kiara,19970227,2018-08-22,2028-03-01,V7167811,USA,F,test
SD_00389,authentic/SD_00389_authentic.jpg,manipulated/SD_00389_clone.jpg,clone,"[430, 270, 580, 305]",Meera Bose,Bose,Meera,19760303,2021-06-07,2031-04-20,M1367499,GBR,F,test
SD_00390,authentic/SD_00390_authentic.jpg,manipulated/SD_00390_compression.jpg,compression,"[0, 0, 700, 455]",Ira Kapoor,Kapoor,Ira,19950909,2020-03-25,2030-02-04,I7732010,IND,F,validation
SD_00391,authentic/SD_00391_authentic.jpg,manipulated/SD_00391_mixed.jpg,mixed,"[45, 100, 650, 250]",Aarav Verma,Verma,Aarav,19941111,2021-03-10,2026-02-22,Y8773477,AUS,F,train
SD_00392,authentic/SD_00392_authentic.jpg,manipulated/SD_00392_text_change.jpg,text_change,"[205, 150, 650, 173]",Diya Singh,Singh,Diya,20040125,2024-01-14,2029-07-15,K6770028,SGP,F,train
SD_00393,authentic/SD_00393_authentic.jpg,manipulated/SD_00393_photo_change.jpg,photo_change,"[45, 100, 165, 250]",Rohan Kapoor,Kapoor,Rohan,19970523,2017-07-16,2022-10-22,P8897782,AUS,M,train
SD_00394,authentic/SD_00394_authentic.jpg,manipulated/SD_00394_number_change.jpg,number_change,"[205, 188, 650, 211]",Meera Rao,Rao,Meera,20010720,2023-11-12,2033-06-02,A9025590,SGP,F,validation
SD_00395,authentic/SD_00395_authentic.jpg,manipulated/SD_00395_date_change.jpg,date_change,"[205, 264, 650, 287]",Meera Patel,Patel,Meera,19970614,2020-06-02,2025-04-08,U4911415,USA,M,train
SD_00396,authentic/SD_00396_authentic.jpg,manipulated/SD_00396_copy_paste.jpg,copy_paste,"[205, 140, 500, 175]",Vivaan Kapoor,Kapoor,Vivaan,19970914,2024-05-01,2034-10-01,K6965917,IND,M,train
SD_00397,authentic/SD_00397_authentic.jpg,manipulated/SD_00397_clone.jpg,clone,"[430, 270, 580, 305]",Diya Kapoor,Kapoor,Diya,20020320,2022-05-12,2032-04-16,U1834404,AUS,F,train
SD_00398,authentic/SD_00398_authentic.jpg,manipulated/SD_00398_compression.jpg,compression,"[0, 0, 700, 455]",Neel Desai,Desai,Neel,19751004,2021-10-11,2031-02-19,Z8763514,AUS,F,train
SD_00399,authentic/SD_00399_authentic.jpg,manipulated/SD_00399_mixed.jpg,mixed,"[45, 100, 650, 250]",Kiara Kulkarni,Kulkarni,Kiara,20040414,2023-07-09,2033-11-25,R2082973,SGP,F,train
SD_00400,authentic/SD_00400_authentic.jpg,manipulated/SD_00400_text_change.jpg,text_change,"[205, 150, 650, 173]",Anaya Kulkarni,Kulkarni,Anaya,20040719,2024-12-21,2029-09-07,L7232466,GBR,M,train
SD_00401,authentic/SD_00401_authentic.jpg,manipulated/SD_00401_photo_change.jpg,photo_change,"[45, 100, 165, 250]",Ishaan Malhotra,Malhotra,Ishaan,19960521,2018-03-09,2023-07-08,D2303477,AUS,F,train
SD_00402,authentic/SD_00402_authentic.jpg,manipulated/SD_00402_number_change.jpg,number_change,"[205, 188, 650, 211]",Kiara Kulkarni,Kulkarni,Kiara,19720309,2013-03-01,2023-05-22,R2070015,AUS,F,train
SD_00403,authentic/SD_00403_authentic.jpg,manipulated/SD_00403_date_change.jpg,date_change,"[205, 264, 650, 287]",Aditya Joshi,Joshi,Aditya,19931103,2021-07-27,2026-04-04,S8189847,IND,M,train
SD_00404,authentic/SD_00404_authentic.jpg,manipulated/SD_00404_copy_paste.jpg,copy_paste,"[205, 140, 500, 175]",Diya Nair,Nair,Diya,19941224,2024-04-14,2029-03-04,F3476490,CAN,F,train
SD_00405,authentic/SD_00405_authentic.jpg,manipulated/SD_00405_clone.jpg,clone,"[430, 270, 580, 305]",Arjun Nair,Nair,Arjun,20040822,2023-04-09,2028-06-16,W5409003,GBR,F,test
SD_00406,authentic/SD_00406_authentic.jpg,manipulated/SD_00406_compression.jpg,compression,"[0, 0, 700, 455]",Aadhya Kulkarni,Kulkarni,Aadhya,19931104,2023-09-28,2028-08-13,A6441343,USA,F,train
SD_00407,authentic/SD_00407_authentic.jpg,manipulated/SD_00407_mixed.jpg,mixed,"[45, 100, 650, 250]",Diya Singh,Singh,Diya,19960528,2014-02-27,2024-08-24,N5612481,GBR,F,train
SD_00408,authentic/SD_00408_authentic.jpg,manipulated/SD_00408_text_change.jpg,text_change,"[205, 150, 650, 173]",Diya Kapoor,Kapoor,Diya,19710121,2022-11-06,2032-11-05,A6345911,USA,M,validation
SD_00409,authentic/SD_00409_authentic.jpg,manipulated/SD_00409_photo_change.jpg,photo_change,"[45, 100, 165, 250]",Kabir Malhotra,Malhotra,Kabir,19960816,2019-12-05,2029-03-22,S5431652,CAN,F,train
SD_00410,authentic/SD_00410_authentic.jpg,manipulated/SD_00410_number_change.jpg,number_change,"[205, 188, 650, 211]",Neel Sharma,Sharma,Neel,19710921,2024-10-21,2029-02-15,G4206969,GBR,M,test
SD_00411,authentic/SD_00411_authentic.jpg,manipulated/SD_00411_date_change.jpg,date_change,"[205, 264, 650, 287]",Aditya Nair,Nair,Aditya,19800201,2019-12-17,2029-08-27,V7133344,SGP,F,train
SD_00412,authentic/SD_00412_authentic.jpg,manipulated/SD_00412_copy_paste.jpg,copy_paste,"[205, 140, 500, 175]",Kiara Malhotra,Malhotra,Kiara,19830427,2019-05-24,2024-07-06,N2044397,USA,F,train
SD_00413,authentic/SD_00413_authentic.jpg,manipulated/SD_00413_clone.jpg,clone,"[430, 270, 580, 305]",Sara Patel,Patel,Sara,19700328,2017-06-23,2027-11-07,W6694118,IND,M,train
SD_00414,authentic/SD_00414_authentic.jpg,manipulated/SD_00414_compression.jpg,compression,"[0, 0, 700, 455]",Diya Mehta,Mehta,Diya,20001022,2020-10-23,2025-01-09,Q9646528,IND,M,train
SD_00415,authentic/SD_00415_authentic.jpg,manipulated/SD_00415_mixed.jpg,mixed,"[45, 100, 650, 250]",Anaya Verma,Verma,Anaya,20020615,2023-03-03,2033-12-17,N2415027,GBR,F,train
SD_00416,authentic/SD_00416_authentic.jpg,manipulated/SD_00416_text_change.jpg,text_change,"[205, 150, 650, 173]",Kiara Rao,Rao,Kiara,19860517,2019-06-14,2024-06-24,P2870320,USA,M,validation
SD_00417,authentic/SD_00417_authentic.jpg,manipulated/SD_00417_photo_change.jpg,photo_change,"[45, 100, 165, 250]",Vivaan Kapoor,Kapoor,Vivaan,19861215,2012-07-04,2022-01-15,L8777121,GBR,M,train
SD_00418,authentic/SD_00418_authentic.jpg,manipulated/SD_00418_number_change.jpg,number_change,"[205, 188, 650, 211]",Ishaan Malhotra,Malhotra,Ishaan,19880324,2012-09-27,2022-10-22,S3908926,IND,M,train
SD_00419,authentic/SD_00419_authentic.jpg,manipulated/SD_00419_date_change.jpg,date_change,"[205, 264, 650, 287]",Tara Kulkarni,Kulkarni,Tara,19760601,2024-05-22,2029-07-12,S1520177,CAN,F,train
SD_00420,authentic/SD_00420_authentic.jpg,manipulated/SD_00420_copy_paste.jpg,copy_paste,"[205, 140, 500, 175]",Diya Sharma,Sharma,Diya,19981224,2021-10-05,2026-01-26,U4501896,IND,F,train
SD_00421,authentic/SD_00421_authentic.jpg,manipulated/SD_00421_clone.jpg,clone,"[430, 270, 580, 305]",Anaya Verma,Verma,Anaya,19850703,2022-01-28,2027-03-13,Y6421476,SGP,F,train
SD_00422,authentic/SD_00422_authentic.jpg,manipulated/SD_00422_compression.jpg,compression,"[0, 0, 700, 455]",Kabir Nair,Nair,Kabir,19760617,2023-04-16,2033-07-16,I9961659,USA,F,train
SD_00423,authentic/SD_00423_authentic.jpg,manipulated/SD_00423_mixed.jpg,mixed,"[45, 100, 650, 250]",Kiara Patel,Patel,Kiara,19720615,2018-11-08,2023-08-17,U8147617,GBR,M,train
SD_00424,authentic/SD_00424_authentic.jpg,manipulated/SD_00424_text_change.jpg,text_change,"[205, 150, 650, 173]",Kabir Kulkarni,Kulkarni,Kabir,19890417,2023-07-10,2028-09-03,B8186617,SGP,F,train
SD_00425,authentic/SD_00425_authentic.jpg,manipulated/SD_00425_photo_change.jpg,photo_change,"[45, 100, 165, 250]",Ira Rao,Rao,Ira,19750901,2022-02-24,2032-03-26,F6016459,SGP,F,train
SD_00426,authentic/SD_00426_authentic.jpg,manipulated/SD_00426_number_change.jpg,number_change,"[205, 188, 650, 211]",Sara Desai,Desai,Sara,19860307,2015-03-03,2025-11-04,N8006102,SGP,F,train
SD_00427,authentic/SD_00427_authentic.jpg,manipulated/SD_00427_date_change.jpg,date_change,"[205, 264, 650, 287]",Sara Bose,Bose,Sara,19951220,2023-12-16,2033-10-27,T5641220,USA,M,train
SD_00428,authentic/SD_00428_authentic.jpg,manipulated/SD_00428_copy_paste.jpg,copy_paste,"[205, 140, 500, 175]",Aarav Mehta,Mehta,Aarav,20000321,2023-04-14,2028-02-10,Y7276012,USA,F,train
SD_00429,authentic/SD_00429_authentic.jpg,manipulated/SD_00429_clone.jpg,clone,"[430, 270, 580, 305]",Tara Kapoor,Kapoor,Tara,19710819,2023-04-07,2033-10-27,M0501667,SGP,F,test
SD_00430,authentic/SD_00430_authentic.jpg,manipulated/SD_00430_compression.jpg,compression,"[0, 0, 700, 455]",Vivaan Kapoor,Kapoor,Vivaan,19950919,2020-12-20,2030-04-23,B8069581,GBR,F,train
SD_00431,authentic/SD_00431_authentic.jpg,manipulated/SD_00431_mixed.jpg,mixed,"[45, 100, 650, 250]",Tara Patel,Patel,Tara,20011112,2023-08-23,2033-01-06,J3757383,AUS,F,train
SD_00432,authentic/SD_00432_authentic.jpg,manipulated/SD_00432_text_change.jpg,text_change,"[205, 150, 650, 173]",Sara Verma,Verma,Sara,19881213,2021-07-27,2031-08-26,F9341722,USA,M,test
SD_00433,authentic/SD_00433_authentic.jpg,manipulated/SD_00433_photo_change.jpg,photo_change,"[45, 100, 165, 250]",Tara Patel,Patel,Tara,19960508,2021-04-18,2026-01-12,I5228015,CAN,M,validation
SD_00434,authentic/SD_00434_authentic.jpg,manipulated/SD_00434_number_change.jpg,number_change,"[205, 188, 650, 211]",Neel Patel,Patel,Neel,19840511,2017-06-25,2022-09-09,E8910771,IND,M,train
SD_00435,authentic/SD_00435_authentic.jpg,manipulated/SD_00435_date_change.jpg,date_change,"[205, 264, 650, 287]",Vivaan Iyer,Iyer,Vivaan,19761104,2012-04-12,2017-12-10,W7871255,USA,M,train
SD_00436,authentic/SD_00436_authentic.jpg,manipulated/SD_00436_copy_paste.jpg,copy_paste,"[205, 140, 500, 175]",Kiara Singh,Singh,Kiara,19700811,2013-05-17,2018-02-09,L6532863,USA,F,train
SD_00437,authentic/SD_00437_authentic.jpg,manipulated/SD_00437_clone.jpg,clone,"[430, 270, 580, 305]",Kiara Joshi,Joshi,Kiara,19990115,2022-03-25,2027-12-26,Q1155626,IND,F,train
SD_00438,authentic/SD_00438_authentic.jpg,manipulated/SD_00438_compression.jpg,compression,"[0, 0, 700, 455]",Vivaan Kulkarni,Kulkarni,Vivaan,19791002,2024-11-23,2034-07-13,V8455048,AUS,M,validation
SD_00439,authentic/SD_00439_authentic.jpg,manipulated/SD_00439_mixed.jpg,mixed,"[45, 100, 650, 250]",Meera Kapoor,Kapoor,Meera,19830920,2024-10-21,2034-12-12,Z6341085,CAN,M,train
SD_00440,authentic/SD_00440_authentic.jpg,manipulated/SD_00440_text_change.jpg,text_change,"[205, 150, 650, 173]",Aadhya Mehta,Mehta,Aadhya,19750910,2018-09-11,2023-01-01,Z8943468,IND,M,train
SD_00441,authentic/SD_00441_authentic.jpg,manipulated/SD_00441_photo_change.jpg,photo_change,"[45, 100, 165, 250]",Ira Rao,Rao,Ira,20020202,2022-11-04,2032-05-19,X0753998,AUS,M,validation
SD_00442,authentic/SD_00442_authentic.jpg,manipulated/SD_00442_number_change.jpg,number_change,"[205, 188, 650, 211]",Ira Rao,Rao,Ira,19881219,2020-11-05,2030-09-24,H1589357,IND,M,train
SD_00443,authentic/SD_00443_authentic.jpg,manipulated/SD_00443_date_change.jpg,date_change,"[205, 264, 650, 287]",Kiara Malhotra,Malhotra,Kiara,19960202,2015-07-05,2025-04-15,C5869886,GBR,F,train
SD_00444,authentic/SD_00444_authentic.jpg,manipulated/SD_00444_copy_paste.jpg,copy_paste,"[205, 140, 500, 175]",Tara Bose,Bose,Tara,19960317,2016-03-16,2026-03-23,Q8137702,AUS,F,train
SD_00445,authentic/SD_00445_authentic.jpg,manipulated/SD_00445_clone.jpg,clone,"[430, 270, 580, 305]",Arjun Desai,Desai,Arjun,19960212,2015-10-10,2020-09-05,D5454470,USA,M,validation
SD_00446,authentic/SD_00446_authentic.jpg,manipulated/SD_00446_compression.jpg,compression,"[0, 0, 700, 455]",Kiara Sharma,Sharma,Kiara,19890507,2024-03-27,2034-01-04,R5106794,AUS,F,train
SD_00447,authentic/SD_00447_authentic.jpg,manipulated/SD_00447_mixed.jpg,mixed,"[45, 100, 650, 250]",Diya Singh,Singh,Diya,19941227,2019-10-05,2024-09-21,O7725199,CAN,F,train
SD_00448,authentic/SD_00448_authentic.jpg,manipulated/SD_00448_text_change.jpg,text_change,"[205, 150, 650, 173]",Neel Joshi,Joshi,Neel,19910122,2018-08-24,2028-11-03,F0948181,USA,M,validation
SD_00449,authentic/SD_00449_authentic.jpg,manipulated/SD_00449_photo_change.jpg,photo_change,"[45, 100, 165, 250]",Ishaan Singh,Singh,Ishaan,20000104,2022-11-18,2027-01-09,Z3397189,GBR,F,train
SD_00450,authentic/SD_00450_authentic.jpg,manipulated/SD_00450_number_change.jpg,number_change,"[205, 188, 650, 211]",Vivaan Kapoor,Kapoor,Vivaan,19710706,2015-07-01,2025-07-09,C1182422,GBR,M,train
SD_00451,authentic/SD_00451_authentic.jpg,manipulated/SD_00451_date_change.jpg,date_change,"[205, 264, 650, 287]",Kabir Rao,Rao,Kabir,19960302,2024-10-11,2029-01-23,B4615265,GBR,F,train
SD_00452,authentic/SD_00452_authentic.jpg,manipulated/SD_00452_copy_paste.jpg,copy_paste,"[205, 140, 500, 175]",Ishaan Mehta,Mehta,Ishaan,19850925,2017-09-13,2022-05-02,K7861706,SGP,M,train
SD_00453,authentic/SD_00453_authentic.jpg,manipulated/SD_00453_clone.jpg,clone,"[430, 270, 580, 305]",Aarav Rao,Rao,Aarav,19760921,2013-03-10,2023-08-03,U8325823,AUS,F,train
SD_00454,authentic/SD_00454_authentic.jpg,manipulated/SD_00454_compression.jpg,compression,"[0, 0, 700, 455]",Sara Sharma,Sharma,Sara,19700827,2023-10-10,2028-01-02,P4946539,AUS,F,train
SD_00455,authentic/SD_00455_authentic.jpg,manipulated/SD_00455_mixed.jpg,mixed,"[45, 100, 650, 250]",Vivaan Verma,Verma,Vivaan,20040210,2024-02-13,2029-03-24,R4639855,SGP,F,train
SD_00456,authentic/SD_00456_authentic.jpg,manipulated/SD_00456_text_change.jpg,text_change,"[205, 150, 650, 173]",Sara Rao,Rao,Sara,19850611,2020-04-15,2030-01-23,E0970026,AUS,F,train
SD_00457,authentic/SD_00457_authentic.jpg,manipulated/SD_00457_photo_change.jpg,photo_change,"[45, 100, 165, 250]",Meera Iyer,Iyer,Meera,19751121,2022-02-18,2027-11-15,V1569562,SGP,M,train
SD_00458,authentic/SD_00458_authentic.jpg,manipulated/SD_00458_number_change.jpg,number_change,"[205, 188, 650, 211]",Arjun Kapoor,Kapoor,Arjun,19930801,2014-04-24,2019-05-22,W5319433,CAN,F,train
SD_00459,authentic/SD_00459_authentic.jpg,manipulated/SD_00459_date_change.jpg,date_change,"[205, 264, 650, 287]",Vivaan Rao,Rao,Vivaan,20011220,2024-04-01,2029-11-13,D4987283,SGP,M,test
SD_00460,authentic/SD_00460_authentic.jpg,manipulated/SD_00460_copy_paste.jpg,copy_paste,"[205, 140, 500, 175]",Kabir Bose,Bose,Kabir,19740519,2012-04-17,2022-04-28,V0894870,CAN,M,train
SD_00461,authentic/SD_00461_authentic.jpg,manipulated/SD_00461_clone.jpg,clone,"[430, 270, 580, 305]",Diya Joshi,Joshi,Diya,19960222,2018-09-15,2028-06-17,Y0304687,GBR,M,train
SD_00462,authentic/SD_00462_authentic.jpg,manipulated/SD_00462_compression.jpg,compression,"[0, 0, 700, 455]",Meera Mehta,Mehta,Meera,19911026,2011-01-24,2016-12-14,C3325411,IND,F,validation
SD_00463,authentic/SD_00463_authentic.jpg,manipulated/SD_00463_mixed.jpg,mixed,"[45, 100, 650, 250]",Kiara Singh,Singh,Kiara,19711111,2019-05-08,2024-08-08,K0583199,CAN,M,train
SD_00464,authentic/SD_00464_authentic.jpg,manipulated/SD_00464_text_change.jpg,text_change,"[205, 150, 650, 173]",Sara Desai,Desai,Sara,19770102,2011-07-11,2016-03-02,Z7049611,SGP,M,test
SD_00465,authentic/SD_00465_authentic.jpg,manipulated/SD_00465_photo_change.jpg,photo_change,"[45, 100, 165, 250]",Vivaan Rao,Rao,Vivaan,19940220,2018-07-08,2023-08-13,O6991507,AUS,F,train
SD_00466,authentic/SD_00466_authentic.jpg,manipulated/SD_00466_number_change.jpg,number_change,"[205, 188, 650, 211]",Ishaan Patel,Patel,Ishaan,19761023,2010-02-19,2015-10-05,U8456797,USA,M,train
SD_00467,authentic/SD_00467_authentic.jpg,manipulated/SD_00467_date_change.jpg,date_change,"[205, 264, 650, 287]",Kabir Singh,Singh,Kabir,19720310,2010-10-14,2020-05-19,R2274954,GBR,M,train
SD_00468,authentic/SD_00468_authentic.jpg,manipulated/SD_00468_copy_paste.jpg,copy_paste,"[205, 140, 500, 175]",Kabir Sharma,Sharma,Kabir,19850928,2018-01-14,2028-04-07,U3153779,SGP,F,train
SD_00469,authentic/SD_00469_authentic.jpg,manipulated/SD_00469_clone.jpg,clone,"[430, 270, 580, 305]",Diya Desai,Desai,Diya,19890606,2016-02-15,2021-08-08,A3379337,SGP,F,test
SD_00470,authentic/SD_00470_authentic.jpg,manipulated/SD_00470_compression.jpg,compression,"[0, 0, 700, 455]",Meera Mehta,Mehta,Meera,19950112,2015-01-03,2025-01-18,D2473950,IND,M,test
SD_00471,authentic/SD_00471_authentic.jpg,manipulated/SD_00471_mixed.jpg,mixed,"[45, 100, 650, 250]",Ishaan Rao,Rao,Ishaan,19810524,2013-03-11,2018-03-07,A2410261,GBR,M,train
SD_00472,authentic/SD_00472_authentic.jpg,manipulated/SD_00472_text_change.jpg,text_change,"[205, 150, 650, 173]",Aadhya Kapoor,Kapoor,Aadhya,19850622,2015-03-17,2025-12-03,D2233865,GBR,F,train
SD_00473,authentic/SD_00473_authentic.jpg,manipulated/SD_00473_photo_change.jpg,photo_change,"[45, 100, 165, 250]",Neel Sharma,Sharma,Neel,19820910,2023-03-11,2028-01-21,Z4289731,CAN,M,test
SD_00474,authentic/SD_00474_authentic.jpg,manipulated/SD_00474_number_change.jpg,number_change,"[205, 188, 650, 211]",Rohan Iyer,Iyer,Rohan,19941125,2024-09-12,2034-09-15,F5587774,AUS,F,train
SD_00475,authentic/SD_00475_authentic.jpg,manipulated/SD_00475_date_change.jpg,date_change,"[205, 264, 650, 287]",Vivaan Mehta,Mehta,Vivaan,19840415,2024-04-13,2029-05-14,M9254812,IND,F,train
SD_00476,authentic/SD_00476_authentic.jpg,manipulated/SD_00476_copy_paste.jpg,copy_paste,"[205, 140, 500, 175]",Ira Mehta,Mehta,Ira,19720920,2017-06-14,2027-08-14,N5754602,CAN,M,train
SD_00477,authentic/SD_00477_authentic.jpg,manipulated/SD_00477_clone.jpg,clone,"[430, 270, 580, 305]",Anaya Kulkarni,Kulkarni,Anaya,19740210,2015-09-17,2020-05-08,D1150835,USA,F,train
SD_00478,authentic/SD_00478_authentic.jpg,manipulated/SD_00478_compression.jpg,compression,"[0, 0, 700, 455]",Anaya Rao,Rao,Anaya,19871220,2013-03-28,2023-01-25,J4566907,SGP,M,train
SD_00479,authentic/SD_00479_authentic.jpg,manipulated/SD_00479_mixed.jpg,mixed,"[45, 100, 650, 250]",Meera Mehta,Mehta,Meera,19841207,2021-08-08,2031-12-27,O5153663,CAN,F,validation
SD_00480,authentic/SD_00480_authentic.jpg,manipulated/SD_00480_text_change.jpg,text_change,"[205, 150, 650, 173]",Aarav Nair,Nair,Aarav,19780310,2019-12-01,2029-11-27,L5366684,GBR,M,train
SD_00481,authentic/SD_00481_authentic.jpg,manipulated/SD_00481_photo_change.jpg,photo_change,"[45, 100, 165, 250]",Vivaan Verma,Verma,Vivaan,19791021,2015-10-20,2025-07-07,M1863715,AUS,F,train
SD_00482,authentic/SD_00482_authentic.jpg,manipulated/SD_00482_number_change.jpg,number_change,"[205, 188, 650, 211]",Aadhya Patel,Patel,Aadhya,19801118,2011-03-02,2021-01-06,G1643348,IND,F,train
SD_00483,authentic/SD_00483_authentic.jpg,manipulated/SD_00483_date_change.jpg,date_change,"[205, 264, 650, 287]",Vivaan Nair,Nair,Vivaan,20030311,2021-07-13,2026-02-05,R6716323,GBR,F,train
SD_00484,authentic/SD_00484_authentic.jpg,manipulated/SD_00484_copy_paste.jpg,copy_paste,"[205, 140, 500, 175]",Aadhya Desai,Desai,Aadhya,19821222,2018-08-09,2023-01-05,O1693859,CAN,F,validation
SD_00485,authentic/SD_00485_authentic.jpg,manipulated/SD_00485_clone.jpg,clone,"[430, 270, 580, 305]",Sara Desai,Desai,Sara,19720210,2021-11-15,2031-12-27,W4692632,AUS,F,train
SD_00486,authentic/SD_00486_authentic.jpg,manipulated/SD_00486_compression.jpg,compression,"[0, 0, 700, 455]",Sara Joshi,Joshi,Sara,19811004,2021-07-23,2026-04-28,F4841376,AUS,M,validation
SD_00487,authentic/SD_00487_authentic.jpg,manipulated/SD_00487_mixed.jpg,mixed,"[45, 100, 650, 250]",Ira Patel,Patel,Ira,19760614,2018-08-06,2028-04-17,B7017656,USA,F,train
SD_00488,authentic/SD_00488_authentic.jpg,manipulated/SD_00488_text_change.jpg,text_change,"[205, 150, 650, 173]",Vivaan Sharma,Sharma,Vivaan,19861205,2011-06-22,2021-08-15,C1837274,USA,M,train
SD_00489,authentic/SD_00489_authentic.jpg,manipulated/SD_00489_photo_change.jpg,photo_change,"[45, 100, 165, 250]",Aarav Desai,Desai,Aarav,19760504,2012-09-24,2022-03-03,V0427523,SGP,M,train
SD_00490,authentic/SD_00490_authentic.jpg,manipulated/SD_00490_number_change.jpg,number_change,"[205, 188, 650, 211]",Ishaan Kapoor,Kapoor,Ishaan,19731126,2023-09-21,2028-07-23,J7090063,USA,F,train
SD_00491,authentic/SD_00491_authentic.jpg,manipulated/SD_00491_date_change.jpg,date_change,"[205, 264, 650, 287]",Neel Mehta,Mehta,Neel,19750701,2010-01-11,2015-11-22,C3122068,IND,F,train
SD_00492,authentic/SD_00492_authentic.jpg,manipulated/SD_00492_copy_paste.jpg,copy_paste,"[205, 140, 500, 175]",Ishaan Desai,Desai,Ishaan,19830913,2024-07-04,2029-04-04,L5206506,USA,F,train
SD_00493,authentic/SD_00493_authentic.jpg,manipulated/SD_00493_clone.jpg,clone,"[430, 270, 580, 305]",Neel Patel,Patel,Neel,19871012,2020-01-03,2025-07-10,Y9718924,IND,F,train
SD_00494,authentic/SD_00494_authentic.jpg,manipulated/SD_00494_compression.jpg,compression,"[0, 0, 700, 455]",Meera Kulkarni,Kulkarni,Meera,19780321,2015-12-11,2025-02-11,A9976838,AUS,M,train
SD_00495,authentic/SD_00495_authentic.jpg,manipulated/SD_00495_mixed.jpg,mixed,"[45, 100, 650, 250]",Neel Sharma,Sharma,Neel,19770424,2014-07-25,2019-10-03,B2574326,USA,M,train
SD_00496,authentic/SD_00496_authentic.jpg,manipulated/SD_00496_text_change.jpg,text_change,"[205, 150, 650, 173]",Neel Bose,Bose,Neel,19980309,2021-06-21,2026-09-26,N4035533,AUS,M,train
SD_00497,authentic/SD_00497_authentic.jpg,manipulated/SD_00497_photo_change.jpg,photo_change,"[45, 100, 165, 250]",Neel Singh,Singh,Neel,19840717,2019-06-06,2029-11-01,C7130232,IND,M,validation
SD_00498,authentic/SD_00498_authentic.jpg,manipulated/SD_00498_number_change.jpg,number_change,"[205, 188, 650, 211]",Ishaan Mehta,Mehta,Ishaan,20020724,2020-08-10,2025-12-07,H6293449,CAN,M,train
SD_00499,authentic/SD_00499_authentic.jpg,manipulated/SD_00499_date_change.jpg,date_change,"[205, 264, 650, 287]",Anaya Malhotra,Malhotra,Anaya,20000613,2018-07-06,2028-08-14,Q9627066,IND,F,train
SD_00500,authentic/SD_00500_authentic.jpg,manipulated/SD_00500_copy_paste.jpg,copy_paste,"[205, 140, 500, 175]",Kabir Iyer,Iyer,Kabir,19810715,2014-05-15,2024-07-18,T7152732,USA,M,validation
SD_00501,authentic/SD_00501_authentic.jpg,manipulated/SD_00501_clone.jpg,clone,"[430, 270, 580, 305]",Aarav Malhotra,Malhotra,Aarav,20020813,2022-07-13,2032-07-16,J9160169,USA,M,train
SD_00502,authentic/SD_00502_authentic.jpg,manipulated/SD_00502_compression.jpg,compression,"[0, 0, 700, 455]",Kiara Rao,Rao,Kiara,19921216,2018-11-23,2028-12-02,U6633705,SGP,M,train
SD_00503,authentic/SD_00503_authentic.jpg,manipulated/SD_00503_mixed.jpg,mixed,"[45, 100, 650, 250]",Kabir Rao,Rao,Kabir,19990508,2019-10-19,2024-01-04,Y1669183,CAN,M,train
SD_00504,authentic/SD_00504_authentic.jpg,manipulated/SD_00504_text_change.jpg,text_change,"[205, 150, 650, 173]",Kiara Rao,Rao,Kiara,19890922,2018-07-19,2028-12-14,Y1195243,SGP,F,train
SD_00505,authentic/SD_00505_authentic.jpg,manipulated/SD_00505_photo_change.jpg,photo_change,"[45, 100, 165, 250]",Aadhya Sharma,Sharma,Aadhya,19800801,2023-02-03,2033-09-14,U4622522,USA,F,validation
SD_00506,authentic/SD_00506_authentic.jpg,manipulated/SD_00506_number_change.jpg,number_change,"[205, 188, 650, 211]",Rohan Iyer,Iyer,Rohan,19771027,2017-04-06,2022-01-24,F3467912,IND,F,train
SD_00507,authentic/SD_00507_authentic.jpg,manipulated/SD_00507_date_change.jpg,date_change,"[205, 264, 650, 287]",Aditya Joshi,Joshi,Aditya,19770211,2014-01-19,2019-08-16,V1004090,IND,M,train
SD_00508,authentic/SD_00508_authentic.jpg,manipulated/SD_00508_copy_paste.jpg,copy_paste,"[205, 140, 500, 175]",Meera Desai,Desai,Meera,20030816,2023-06-20,2033-06-12,V5535669,IND,F,train
SD_00509,authentic/SD_00509_authentic.jpg,manipulated/SD_00509_clone.jpg,clone,"[430, 270, 580, 305]",Diya Singh,Singh,Diya,19760828,2010-12-13,2015-01-20,D8435797,AUS,F,train
SD_00510,authentic/SD_00510_authentic.jpg,manipulated/SD_00510_compression.jpg,compression,"[0, 0, 700, 455]",Ishaan Sharma,Sharma,Ishaan,19901112,2010-01-26,2020-11-15,H9769156,CAN,M,train
SD_00511,authentic/SD_00511_authentic.jpg,manipulated/SD_00511_mixed.jpg,mixed,"[45, 100, 650, 250]",Meera Rao,Rao,Meera,19820328,2021-09-19,2026-03-16,Z1487271,CAN,M,test
SD_00512,authentic/SD_00512_authentic.jpg,manipulated/SD_00512_text_change.jpg,text_change,"[205, 150, 650, 173]",Neel Mehta,Mehta,Neel,19801123,2022-02-04,2032-12-01,F5643471,SGP,M,validation
SD_00513,authentic/SD_00513_authentic.jpg,manipulated/SD_00513_photo_change.jpg,photo_change,"[45, 100, 165, 250]",Tara Patel,Patel,Tara,19910419,2023-10-03,2033-07-23,X6863341,GBR,M,train
SD_00514,authentic/SD_00514_authentic.jpg,manipulated/SD_00514_number_change.jpg,number_change,"[205, 188, 650, 211]",Arjun Patel,Patel,Arjun,19911007,2021-12-04,2031-03-28,K6904098,USA,F,train
SD_00515,authentic/SD_00515_authentic.jpg,manipulated/SD_00515_date_change.jpg,date_change,"[205, 264, 650, 287]",Kiara Nair,Nair,Kiara,19931126,2023-03-17,2028-02-13,A8752437,SGP,F,train
SD_00516,authentic/SD_00516_authentic.jpg,manipulated/SD_00516_copy_paste.jpg,copy_paste,"[205, 140, 500, 175]",Aadhya Verma,Verma,Aadhya,19720610,2019-09-23,2024-05-28,W9737460,GBR,M,train
SD_00517,authentic/SD_00517_authentic.jpg,manipulated/SD_00517_clone.jpg,clone,"[430, 270, 580, 305]",Ishaan Malhotra,Malhotra,Ishaan,19841202,2021-03-28,2031-12-13,J2086567,GBR,F,test
SD_00518,authentic/SD_00518_authentic.jpg,manipulated/SD_00518_compression.jpg,compression,"[0, 0, 700, 455]",Meera Patel,Patel,Meera,20030523,2023-04-23,2033-02-05,K9047292,CAN,F,train
SD_00519,authentic/SD_00519_authentic.jpg,manipulated/SD_00519_mixed.jpg,mixed,"[45, 100, 650, 250]",Aadhya Verma,Verma,Aadhya,19831207,2013-12-21,2018-06-24,S1266201,GBR,F,validation
SD_00520,authentic/SD_00520_authentic.jpg,manipulated/SD_00520_text_change.jpg,text_change,"[205, 150, 650, 173]",Rohan Sharma,Sharma,Rohan,19771111,2018-10-14,2023-11-24,M3013674,SGP,M,train
SD_00521,authentic/SD_00521_authentic.jpg,manipulated/SD_00521_photo_change.jpg,photo_change,"[45, 100, 165, 250]",Meera Singh,Singh,Meera,19750828,2022-11-13,2032-11-21,O5011117,SGP,M,validation
SD_00522,authentic/SD_00522_authentic.jpg,manipulated/SD_00522_number_change.jpg,number_change,"[205, 188, 650, 211]",Aarav Desai,Desai,Aarav,20001224,2020-02-26,2025-07-16,U6492151,SGP,M,train
SD_00523,authentic/SD_00523_authentic.jpg,manipulated/SD_00523_date_change.jpg,date_change,"[205, 264, 650, 287]",Meera Malhotra,Malhotra,Meera,19710927,2016-09-26,2026-02-17,S8131292,IND,F,train
SD_00524,authentic/SD_00524_authentic.jpg,manipulated/SD_00524_copy_paste.jpg,copy_paste,"[205, 140, 500, 175]",Vivaan Verma,Verma,Vivaan,19830303,2020-09-09,2025-02-04,Q4582603,GBR,M,train
SD_00525,authentic/SD_00525_authentic.jpg,manipulated/SD_00525_clone.jpg,clone,"[430, 270, 580, 305]",Aadhya Kulkarni,Kulkarni,Aadhya,20040319,2023-08-23,2033-09-12,T8831030,USA,M,train
SD_00526,authentic/SD_00526_authentic.jpg,manipulated/SD_00526_compression.jpg,compression,"[0, 0, 700, 455]",Aadhya Malhotra,Malhotra,Aadhya,19831018,2012-04-19,2022-05-05,X9618446,SGP,M,validation
SD_00527,authentic/SD_00527_authentic.jpg,manipulated/SD_00527_mixed.jpg,mixed,"[45, 100, 650, 250]",Meera Kapoor,Kapoor,Meera,19751114,2014-12-05,2019-02-21,X4359892,CAN,M,train
SD_00528,authentic/SD_00528_authentic.jpg,manipulated/SD_00528_text_change.jpg,text_change,"[205, 150, 650, 173]",Diya Singh,Singh,Diya,19970120,2021-04-03,2031-02-18,D8615155,GBR,M,train
SD_00529,authentic/SD_00529_authentic.jpg,manipulated/SD_00529_photo_change.jpg,photo_change,"[45, 100, 165, 250]",Neel Rao,Rao,Neel,19700708,2011-07-04,2016-03-17,X4971859,GBR,F,validation
SD_00530,authentic/SD_00530_authentic.jpg,manipulated/SD_00530_number_change.jpg,number_change,"[205, 188, 650, 211]",Arjun Sharma,Sharma,Arjun,19800706,2015-06-26,2025-08-19,E4082226,AUS,F,train
SD_00531,authentic/SD_00531_authentic.jpg,manipulated/SD_00531_date_change.jpg,date_change,"[205, 264, 650, 287]",Vivaan Bose,Bose,Vivaan,19930422,2022-10-14,2032-03-15,L7844683,GBR,M,train
SD_00532,authentic/SD_00532_authentic.jpg,manipulated/SD_00532_copy_paste.jpg,copy_paste,"[205, 140, 500, 175]",Diya Malhotra,Malhotra,Diya,19750203,2020-12-08,2025-03-19,B1487068,SGP,M,train
SD_00533,authentic/SD_00533_authentic.jpg,manipulated/SD_00533_clone.jpg,clone,"[430, 270, 580, 305]",Tara Kapoor,Kapoor,Tara,20021204,2024-07-01,2029-12-01,W6853890,AUS,F,train
SD_00534,authentic/SD_00534_authentic.jpg,manipulated/SD_00534_compression.jpg,compression,"[0, 0, 700, 455]",Rohan Kulkarni,Kulkarni,Rohan,20030303,2022-06-27,2027-09-12,B6762515,SGP,M,train
SD_00535,authentic/SD_00535_authentic.jpg,manipulated/SD_00535_mixed.jpg,mixed,"[45, 100, 650, 250]",Arjun Rao,Rao,Arjun,19890509,2017-04-01,2027-04-10,U8079705,IND,F,train
SD_00536,authentic/SD_00536_authentic.jpg,manipulated/SD_00536_text_change.jpg,text_change,"[205, 150, 650, 173]",Diya Rao,Rao,Diya,19920112,2011-12-06,2021-06-01,D6731882,CAN,M,train
SD_00537,authentic/SD_00537_authentic.jpg,manipulated/SD_00537_photo_change.jpg,photo_change,"[45, 100, 165, 250]",Tara Sharma,Sharma,Tara,19791109,2022-04-16,2032-06-10,L6284177,USA,M,train
SD_00538,authentic/SD_00538_authentic.jpg,manipulated/SD_00538_number_change.jpg,number_change,"[205, 188, 650, 211]",Ira Bose,Bose,Ira,19970628,2015-12-07,2020-04-10,B2665023,CAN,F,train
SD_00539,authentic/SD_00539_authentic.jpg,manipulated/SD_00539_date_change.jpg,date_change,"[205, 264, 650, 287]",Arjun Joshi,Joshi,Arjun,20010826,2023-11-23,2028-06-25,Y6862110,USA,M,train
SD_00540,authentic/SD_00540_authentic.jpg,manipulated/SD_00540_copy_paste.jpg,copy_paste,"[205, 140, 500, 175]",Aarav Singh,Singh,Aarav,19851127,2010-06-14,2015-07-16,J4716392,SGP,M,validation
SD_00541,authentic/SD_00541_authentic.jpg,manipulated/SD_00541_clone.jpg,clone,"[430, 270, 580, 305]",Neel Rao,Rao,Neel,19770523,2023-04-22,2033-04-16,W1892392,USA,M,validation
SD_00542,authentic/SD_00542_authentic.jpg,manipulated/SD_00542_compression.jpg,compression,"[0, 0, 700, 455]",Kabir Joshi,Joshi,Kabir,19720405,2014-07-01,2019-02-28,B6684335,CAN,F,train
SD_00543,authentic/SD_00543_authentic.jpg,manipulated/SD_00543_mixed.jpg,mixed,"[45, 100, 650, 250]",Vivaan Iyer,Iyer,Vivaan,19970504,2015-05-12,2025-06-23,N3502000,SGP,F,validation
SD_00544,authentic/SD_00544_authentic.jpg,manipulated/SD_00544_text_change.jpg,text_change,"[205, 150, 650, 173]",Ishaan Rao,Rao,Ishaan,20001004,2020-07-06,2030-08-12,K4110825,GBR,F,train
SD_00545,authentic/SD_00545_authentic.jpg,manipulated/SD_00545_photo_change.jpg,photo_change,"[45, 100, 165, 250]",Ira Mehta,Mehta,Ira,19871013,2013-02-04,2018-11-24,T1093371,IND,F,validation
SD_00546,authentic/SD_00546_authentic.jpg,manipulated/SD_00546_number_change.jpg,number_change,"[205, 188, 650, 211]",Aadhya Bose,Bose,Aadhya,20000418,2024-12-05,2029-03-07,N8485571,CAN,M,test
SD_00547,authentic/SD_00547_authentic.jpg,manipulated/SD_00547_date_change.jpg,date_change,"[205, 264, 650, 287]",Tara Joshi,Joshi,Tara,20030320,2021-05-23,2026-05-02,S0367881,USA,F,train
SD_00548,authentic/SD_00548_authentic.jpg,manipulated/SD_00548_copy_paste.jpg,copy_paste,"[205, 140, 500, 175]",Meera Joshi,Joshi,Meera,19870301,2013-03-19,2018-10-23,A8788443,GBR,F,train
SD_00549,authentic/SD_00549_authentic.jpg,manipulated/SD_00549_clone.jpg,clone,"[430, 270, 580, 305]",Arjun Verma,Verma,Arjun,19840908,2010-05-02,2015-05-05,I0338105,SGP,F,test
SD_00550,authentic/SD_00550_authentic.jpg,manipulated/SD_00550_compression.jpg,compression,"[0, 0, 700, 455]",Diya Patel,Patel,Diya,19860314,2021-10-10,2031-01-21,A5342408,SGP,M,train
SD_00551,authentic/SD_00551_authentic.jpg,manipulated/SD_00551_mixed.jpg,mixed,"[45, 100, 650, 250]",Meera Kulkarni,Kulkarni,Meera,19861121,2023-10-18,2028-08-08,K4396273,SGP,F,test
SD_00552,authentic/SD_00552_authentic.jpg,manipulated/SD_00552_text_change.jpg,text_change,"[205, 150, 650, 173]",Ira Verma,Verma,Ira,20000806,2018-08-06,2023-04-19,P2404226,SGP,M,validation
SD_00553,authentic/SD_00553_authentic.jpg,manipulated/SD_00553_photo_change.jpg,photo_change,"[45, 100, 165, 250]",Aditya Verma,Verma,Aditya,19740415,2016-11-13,2021-12-17,E0916601,IND,M,train
SD_00554,authentic/SD_00554_authentic.jpg,manipulated/SD_00554_number_change.jpg,number_change,"[205, 188, 650, 211]",Kabir Mehta,Mehta,Kabir,19750321,2014-10-01,2019-02-18,X5132797,USA,F,train
SD_00555,authentic/SD_00555_authentic.jpg,manipulated/SD_00555_date_change.jpg,date_change,"[205, 264, 650, 287]",Diya Kapoor,Kapoor,Diya,19790118,2013-12-09,2018-01-27,B1841862,IND,M,train
SD_00556,authentic/SD_00556_authentic.jpg,manipulated/SD_00556_copy_paste.jpg,copy_paste,"[205, 140, 500, 175]",Kiara Joshi,Joshi,Kiara,19791110,2015-04-22,2025-11-23,D7213145,IND,F,train
SD_00557,authentic/SD_00557_authentic.jpg,manipulated/SD_00557_clone.jpg,clone,"[430, 270, 580, 305]",Arjun Nair,Nair,Arjun,19750120,2024-03-06,2034-09-11,T2624945,IND,F,train
SD_00558,authentic/SD_00558_authentic.jpg,manipulated/SD_00558_compression.jpg,compression,"[0, 0, 700, 455]",Tara Kulkarni,Kulkarni,Tara,19931226,2015-02-26,2020-03-25,U2526771,IND,F,test
SD_00559,authentic/SD_00559_authentic.jpg,manipulated/SD_00559_mixed.jpg,mixed,"[45, 100, 650, 250]",Anaya Verma,Verma,Anaya,19750306,2015-07-12,2025-08-14,P6952366,AUS,F,train
SD_00560,authentic/SD_00560_authentic.jpg,manipulated/SD_00560_text_change.jpg,text_change,"[205, 150, 650, 173]",Tara Iyer,Iyer,Tara,20040703,2022-10-23,2032-09-19,Y3135030,GBR,F,train
SD_00561,authentic/SD_00561_authentic.jpg,manipulated/SD_00561_photo_change.jpg,photo_change,"[45, 100, 165, 250]",Kabir Patel,Patel,Kabir,19730612,2024-03-10,2034-03-27,R6333021,SGP,M,train
SD_00562,authentic/SD_00562_authentic.jpg,manipulated/SD_00562_number_change.jpg,number_change,"[205, 188, 650, 211]",Meera Bose,Bose,Meera,19710712,2021-01-23,2026-11-19,C7920252,IND,M,validation
SD_00563,authentic/SD_00563_authentic.jpg,manipulated/SD_00563_date_change.jpg,date_change,"[205, 264, 650, 287]",Aditya Sharma,Sharma,Aditya,19960316,2016-12-05,2026-08-14,X5704120,SGP,M,train
SD_00564,authentic/SD_00564_authentic.jpg,manipulated/SD_00564_copy_paste.jpg,copy_paste,"[205, 140, 500, 175]",Rohan Sharma,Sharma,Rohan,19951115,2019-09-23,2029-10-17,J3624186,USA,M,train
SD_00565,authentic/SD_00565_authentic.jpg,manipulated/SD_00565_clone.jpg,clone,"[430, 270, 580, 305]",Meera Desai,Desai,Meera,19730706,2013-12-18,2018-12-15,P5662056,USA,F,test
SD_00566,authentic/SD_00566_authentic.jpg,manipulated/SD_00566_compression.jpg,compression,"[0, 0, 700, 455]",Arjun Patel,Patel,Arjun,19741025,2015-06-01,2020-05-06,R1139043,AUS,M,validation
SD_00567,authentic/SD_00567_authentic.jpg,manipulated/SD_00567_mixed.jpg,mixed,"[45, 100, 650, 250]",Vivaan Mehta,Mehta,Vivaan,19871019,2011-01-19,2021-01-02,K1405468,USA,F,validation
SD_00568,authentic/SD_00568_authentic.jpg,manipulated/SD_00568_text_change.jpg,text_change,"[205, 150, 650, 173]",Meera Bose,Bose,Meera,19921222,2012-02-11,2022-12-17,D8209679,IND,F,train
SD_00569,authentic/SD_00569_authentic.jpg,manipulated/SD_00569_photo_change.jpg,photo_change,"[45, 100, 165, 250]",Rohan Verma,Verma,Rohan,19991103,2018-12-08,2023-11-21,E2889857,USA,F,train
SD_00570,authentic/SD_00570_authentic.jpg,manipulated/SD_00570_number_change.jpg,number_change,"[205, 188, 650, 211]",Aadhya Nair,Nair,Aadhya,19971225,2015-11-13,2020-04-20,T1297102,GBR,M,test
SD_00571,authentic/SD_00571_authentic.jpg,manipulated/SD_00571_date_change.jpg,date_change,"[205, 264, 650, 287]",Tara Patel,Patel,Tara,19990310,2022-03-03,2032-10-12,L1127474,CAN,M,train
SD_00572,authentic/SD_00572_authentic.jpg,manipulated/SD_00572_copy_paste.jpg,copy_paste,"[205, 140, 500, 175]",Tara Sharma,Sharma,Tara,19930513,2024-07-28,2029-08-12,Q9551687,GBR,M,train
SD_00573,authentic/SD_00573_authentic.jpg,manipulated/SD_00573_clone.jpg,clone,"[430, 270, 580, 305]",Vivaan Bose,Bose,Vivaan,19850901,2021-03-28,2026-05-13,F9613671,GBR,F,train
SD_00574,authentic/SD_00574_authentic.jpg,manipulated/SD_00574_compression.jpg,compression,"[0, 0, 700, 455]",Sara Kulkarni,Kulkarni,Sara,20040203,2023-03-24,2028-07-25,N3651559,CAN,M,test
SD_00575,authentic/SD_00575_authentic.jpg,manipulated/SD_00575_mixed.jpg,mixed,"[45, 100, 650, 250]",Tara Patel,Patel,Tara,19870118,2017-03-16,2022-11-07,K9096056,CAN,M,train
SD_00576,authentic/SD_00576_authentic.jpg,manipulated/SD_00576_text_change.jpg,text_change,"[205, 150, 650, 173]",Vivaan Mehta,Mehta,Vivaan,19711114,2022-05-09,2027-02-05,C4614768,USA,F,train
SD_00577,authentic/SD_00577_authentic.jpg,manipulated/SD_00577_photo_change.jpg,photo_change,"[45, 100, 165, 250]",Rohan Malhotra,Malhotra,Rohan,19730711,2011-05-06,2016-06-14,P7826596,IND,M,train
SD_00578,authentic/SD_00578_authentic.jpg,manipulated/SD_00578_number_change.jpg,number_change,"[205, 188, 650, 211]",Aditya Bose,Bose,Aditya,19791127,2015-12-24,2025-01-05,O2751648,SGP,M,train
SD_00579,authentic/SD_00579_authentic.jpg,manipulated/SD_00579_date_change.jpg,date_change,"[205, 264, 650, 287]",Sara Malhotra,Malhotra,Sara,19780821,2020-10-04,2025-04-24,G6829635,USA,M,train
SD_00580,authentic/SD_00580_authentic.jpg,manipulated/SD_00580_copy_paste.jpg,copy_paste,"[205, 140, 500, 175]",Ira Malhotra,Malhotra,Ira,19930510,2011-09-27,2016-12-16,U7665586,AUS,F,test
SD_00581,authentic/SD_00581_authentic.jpg,manipulated/SD_00581_clone.jpg,clone,"[430, 270, 580, 305]",Arjun Verma,Verma,Arjun,19990606,2023-09-20,2028-09-14,M4649111,IND,M,train
SD_00582,authentic/SD_00582_authentic.jpg,manipulated/SD_00582_compression.jpg,compression,"[0, 0, 700, 455]",Kiara Patel,Patel,Kiara,20011018,2024-02-21,2034-09-19,Z0463378,CAN,M,train
SD_00583,authentic/SD_00583_authentic.jpg,manipulated/SD_00583_mixed.jpg,mixed,"[45, 100, 650, 250]",Ishaan Malhotra,Malhotra,Ishaan,20000626,2018-08-14,2028-01-12,Z3844446,SGP,M,train
SD_00584,authentic/SD_00584_authentic.jpg,manipulated/SD_00584_text_change.jpg,text_change,"[205, 150, 650, 173]",Aarav Joshi,Joshi,Aarav,19720105,2010-06-27,2020-06-06,S6386396,IND,F,validation
SD_00585,authentic/SD_00585_authentic.jpg,manipulated/SD_00585_photo_change.jpg,photo_change,"[45, 100, 165, 250]",Kabir Kulkarni,Kulkarni,Kabir,19940313,2023-06-17,2028-07-08,D2819648,USA,F,train
SD_00586,authentic/SD_00586_authentic.jpg,manipulated/SD_00586_number_change.jpg,number_change,"[205, 188, 650, 211]",Ishaan Patel,Patel,Ishaan,19750701,2010-11-25,2015-01-20,W8196027,SGP,F,train
SD_00587,authentic/SD_00587_authentic.jpg,manipulated/SD_00587_date_change.jpg,date_change,"[205, 264, 650, 287]",Rohan Mehta,Mehta,Rohan,19840418,2014-04-24,2024-05-22,B4120911,CAN,M,train
SD_00588,authentic/SD_00588_authentic.jpg,manipulated/SD_00588_copy_paste.jpg,copy_paste,"[205, 140, 500, 175]",Aadhya Rao,Rao,Aadhya,19810216,2011-06-27,2016-07-04,P0617136,CAN,F,train
SD_00589,authentic/SD_00589_authentic.jpg,manipulated/SD_00589_clone.jpg,clone,"[430, 270, 580, 305]",Sara Singh,Singh,Sara,19800501,2012-03-22,2017-02-11,L7998028,SGP,F,train
SD_00590,authentic/SD_00590_authentic.jpg,manipulated/SD_00590_compression.jpg,compression,"[0, 0, 700, 455]",Arjun Mehta,Mehta,Arjun,19710117,2018-09-25,2023-04-28,L1305231,SGP,M,validation
SD_00591,authentic/SD_00591_authentic.jpg,manipulated/SD_00591_mixed.jpg,mixed,"[45, 100, 650, 250]",Anaya Rao,Rao,Anaya,20000212,2019-12-18,2029-08-24,Z7686342,USA,F,test
SD_00592,authentic/SD_00592_authentic.jpg,manipulated/SD_00592_text_change.jpg,text_change,"[205, 150, 650, 173]",Meera Patel,Patel,Meera,19890424,2012-08-14,2022-07-20,X4591966,USA,F,train
SD_00593,authentic/SD_00593_authentic.jpg,manipulated/SD_00593_photo_change.jpg,photo_change,"[45, 100, 165, 250]",Ira Kulkarni,Kulkarni,Ira,19740302,2017-09-09,2027-05-20,U8560125,CAN,M,train
SD_00594,authentic/SD_00594_authentic.jpg,manipulated/SD_00594_number_change.jpg,number_change,"[205, 188, 650, 211]",Ira Mehta,Mehta,Ira,19741112,2013-06-05,2023-02-01,K0537953,AUS,M,train
SD_00595,authentic/SD_00595_authentic.jpg,manipulated/SD_00595_date_change.jpg,date_change,"[205, 264, 650, 287]",Meera Rao,Rao,Meera,19830404,2018-09-09,2023-10-21,N6553307,CAN,M,train
SD_00596,authentic/SD_00596_authentic.jpg,manipulated/SD_00596_copy_paste.jpg,copy_paste,"[205, 140, 500, 175]",Arjun Patel,Patel,Arjun,19981011,2018-10-13,2023-10-01,J0907426,IND,M,train
SD_00597,authentic/SD_00597_authentic.jpg,manipulated/SD_00597_clone.jpg,clone,"[430, 270, 580, 305]",Diya Kulkarni,Kulkarni,Diya,19710804,2011-07-24,2021-05-11,Y5618579,IND,F,validation
SD_00598,authentic/SD_00598_authentic.jpg,manipulated/SD_00598_compression.jpg,compression,"[0, 0, 700, 455]",Aadhya Bose,Bose,Aadhya,19991104,2024-06-20,2029-01-08,B0215632,IND,M,validation
SD_00599,authentic/SD_00599_authentic.jpg,manipulated/SD_00599_mixed.jpg,mixed,"[45, 100, 650, 250]",Ira Malhotra,Malhotra,Ira,20041228,2022-01-09,2027-02-02,J1459642,USA,F,train
SD_00600,authentic/SD_00600_authentic.jpg,manipulated/SD_00600_text_change.jpg,text_change,"[205, 150, 650, 173]",Arjun Verma,Verma,Arjun,19900325,2023-10-28,2033-11-15,V1883977,GBR,F,train
SD_00601,authentic/SD_00601_authentic.jpg,manipulated/SD_00601_photo_change.jpg,photo_change,"[45, 100, 165, 250]",Tara Mehta,Mehta,Tara,19750523,2014-02-12,2019-11-21,X3117030,SGP,M,train
SD_00602,authentic/SD_00602_authentic.jpg,manipulated/SD_00602_number_change.jpg,number_change,"[205, 188, 650, 211]",Sara Malhotra,Malhotra,Sara,19940804,2015-06-07,2025-05-23,O2812356,CAN,M,validation
SD_00603,authentic/SD_00603_authentic.jpg,manipulated/SD_00603_date_change.jpg,date_change,"[205, 264, 650, 287]",Meera Mehta,Mehta,Meera,19740706,2014-11-10,2019-03-15,D1307240,CAN,F,test
SD_00604,authentic/SD_00604_authentic.jpg,manipulated/SD_00604_copy_paste.jpg,copy_paste,"[205, 140, 500, 175]",Arjun Iyer,Iyer,Arjun,19750707,2015-03-13,2025-09-11,B7451066,USA,F,test
SD_00605,authentic/SD_00605_authentic.jpg,manipulated/SD_00605_clone.jpg,clone,"[430, 270, 580, 305]",Ishaan Joshi,Joshi,Ishaan,19810517,2019-10-16,2029-02-22,B3131009,GBR,M,train
SD_00606,authentic/SD_00606_authentic.jpg,manipulated/SD_00606_compression.jpg,compression,"[0, 0, 700, 455]",Aditya Iyer,Iyer,Aditya,19760420,2014-12-23,2024-07-13,D3473235,SGP,F,train
SD_00607,authentic/SD_00607_authentic.jpg,manipulated/SD_00607_mixed.jpg,mixed,"[45, 100, 650, 250]",Aadhya Bose,Bose,Aadhya,19700317,2011-12-20,2021-12-10,W3251225,CAN,M,train
SD_00608,authentic/SD_00608_authentic.jpg,manipulated/SD_00608_text_change.jpg,text_change,"[205, 150, 650, 173]",Aarav Kulkarni,Kulkarni,Aarav,20000601,2021-03-09,2026-03-22,Y0957907,USA,F,train
SD_00609,authentic/SD_00609_authentic.jpg,manipulated/SD_00609_photo_change.jpg,photo_change,"[45, 100, 165, 250]",Arjun Sharma,Sharma,Arjun,19711110,2019-04-17,2024-03-25,D1457758,GBR,F,train
SD_00610,authentic/SD_00610_authentic.jpg,manipulated/SD_00610_number_change.jpg,number_change,"[205, 188, 650, 211]",Anaya Nair,Nair,Anaya,19990610,2017-12-11,2027-02-09,V8026325,CAN,M,validation
SD_00611,authentic/SD_00611_authentic.jpg,manipulated/SD_00611_date_change.jpg,date_change,"[205, 264, 650, 287]",Neel Desai,Desai,Neel,19970424,2020-02-07,2030-11-04,I8782455,CAN,F,train
SD_00612,authentic/SD_00612_authentic.jpg,manipulated/SD_00612_copy_paste.jpg,copy_paste,"[205, 140, 500, 175]",Ishaan Sharma,Sharma,Ishaan,20031004,2023-07-26,2033-10-26,Z5410727,SGP,M,train
SD_00613,authentic/SD_00613_authentic.jpg,manipulated/SD_00613_clone.jpg,clone,"[430, 270, 580, 305]",Aadhya Desai,Desai,Aadhya,19800810,2014-02-26,2024-01-15,B3491074,IND,F,validation
SD_00614,authentic/SD_00614_authentic.jpg,manipulated/SD_00614_compression.jpg,compression,"[0, 0, 700, 455]",Ira Kulkarni,Kulkarni,Ira,19700505,2010-06-10,2015-02-23,I2369143,IND,F,train
SD_00615,authentic/SD_00615_authentic.jpg,manipulated/SD_00615_mixed.jpg,mixed,"[45, 100, 650, 250]",Ira Mehta,Mehta,Ira,19940704,2018-05-10,2028-03-19,N5923426,AUS,M,train
SD_00616,authentic/SD_00616_authentic.jpg,manipulated/SD_00616_text_change.jpg,text_change,"[205, 150, 650, 173]",Aadhya Rao,Rao,Aadhya,19751021,2014-08-18,2019-07-26,N1287585,CAN,F,test
SD_00617,authentic/SD_00617_authentic.jpg,manipulated/SD_00617_photo_change.jpg,photo_change,"[45, 100, 165, 250]",Kiara Kapoor,Kapoor,Kiara,19960801,2020-09-01,2030-02-25,E9439852,AUS,F,train
SD_00618,authentic/SD_00618_authentic.jpg,manipulated/SD_00618_number_change.jpg,number_change,"[205, 188, 650, 211]",Vivaan Singh,Singh,Vivaan,19950722,2015-01-15,2025-01-03,B4159149,CAN,F,test
SD_00619,authentic/SD_00619_authentic.jpg,manipulated/SD_00619_date_change.jpg,date_change,"[205, 264, 650, 287]",Vivaan Patel,Patel,Vivaan,20021207,2020-09-05,2030-03-08,V2440793,IND,M,train
SD_00620,authentic/SD_00620_authentic.jpg,manipulated/SD_00620_copy_paste.jpg,copy_paste,"[205, 140, 500, 175]",Arjun Iyer,Iyer,Arjun,19760404,2013-08-01,2023-07-02,D4672384,AUS,F,train
SD_00621,authentic/SD_00621_authentic.jpg,manipulated/SD_00621_clone.jpg,clone,"[430, 270, 580, 305]",Arjun Joshi,Joshi,Arjun,19790106,2020-03-27,2025-03-17,X8377441,AUS,F,validation
SD_00622,authentic/SD_00622_authentic.jpg,manipulated/SD_00622_compression.jpg,compression,"[0, 0, 700, 455]",Ira Kulkarni,Kulkarni,Ira,19870723,2016-02-15,2026-07-05,A4719609,GBR,M,train
SD_00623,authentic/SD_00623_authentic.jpg,manipulated/SD_00623_mixed.jpg,mixed,"[45, 100, 650, 250]",Sara Sharma,Sharma,Sara,19920824,2012-08-09,2017-03-12,Q8358681,USA,M,test
SD_00624,authentic/SD_00624_authentic.jpg,manipulated/SD_00624_text_change.jpg,text_change,"[205, 150, 650, 173]",Ira Kulkarni,Kulkarni,Ira,19911228,2017-03-09,2027-07-03,U7679298,SGP,F,train
SD_00625,authentic/SD_00625_authentic.jpg,manipulated/SD_00625_photo_change.jpg,photo_change,"[45, 100, 165, 250]",Kabir Bose,Bose,Kabir,19901012,2019-10-20,2029-02-02,A2311775,USA,M,train
SD_00626,authentic/SD_00626_authentic.jpg,manipulated/SD_00626_number_change.jpg,number_change,"[205, 188, 650, 211]",Arjun Verma,Verma,Arjun,19940703,2024-01-20,2034-02-02,X1759025,IND,F,train
SD_00627,authentic/SD_00627_authentic.jpg,manipulated/SD_00627_date_change.jpg,date_change,"[205, 264, 650, 287]",Meera Verma,Verma,Meera,19820516,2013-08-22,2023-04-07,X2683190,SGP,M,train
SD_00628,authentic/SD_00628_authentic.jpg,manipulated/SD_00628_copy_paste.jpg,copy_paste,"[205, 140, 500, 175]",Kabir Sharma,Sharma,Kabir,19930719,2023-09-28,2028-06-06,V8733978,GBR,F,train
SD_00629,authentic/SD_00629_authentic.jpg,manipulated/SD_00629_clone.jpg,clone,"[430, 270, 580, 305]",Kabir Singh,Singh,Kabir,19740721,2017-07-28,2022-10-03,E8411730,AUS,F,train
SD_00630,authentic/SD_00630_authentic.jpg,manipulated/SD_00630_compression.jpg,compression,"[0, 0, 700, 455]",Aarav Mehta,Mehta,Aarav,19880513,2024-12-12,2029-03-10,C8938984,CAN,M,train
SD_00631,authentic/SD_00631_authentic.jpg,manipulated/SD_00631_mixed.jpg,mixed,"[45, 100, 650, 250]",Arjun Desai,Desai,Arjun,20001101,2020-01-11,2030-05-07,K0238503,CAN,M,train
SD_00632,authentic/SD_00632_authentic.jpg,manipulated/SD_00632_text_change.jpg,text_change,"[205, 150, 650, 173]",Vivaan Nair,Nair,Vivaan,19741024,2016-10-03,2026-03-09,X0107835,CAN,F,train
SD_00633,authentic/SD_00633_authentic.jpg,manipulated/SD_00633_photo_change.jpg,photo_change,"[45, 100, 165, 250]",Aadhya Singh,Singh,Aadhya,19840101,2010-04-18,2020-11-22,X0870662,CAN,F,test
SD_00634,authentic/SD_00634_authentic.jpg,manipulated/SD_00634_number_change.jpg,number_change,"[205, 188, 650, 211]",Kabir Patel,Patel,Kabir,19981012,2017-06-07,2027-07-02,H3190368,AUS,M,train
SD_00635,authentic/SD_00635_authentic.jpg,manipulated/SD_00635_date_change.jpg,date_change,"[205, 264, 650, 287]",Aarav Malhotra,Malhotra,Aarav,19850103,2023-01-05,2033-03-10,B5593429,CAN,F,train
SD_00636,authentic/SD_00636_authentic.jpg,manipulated/SD_00636_copy_paste.jpg,copy_paste,"[205, 140, 500, 175]",Aditya Rao,Rao,Aditya,20040823,2022-12-27,2032-04-15,W4584384,GBR,M,train
SD_00637,authentic/SD_00637_authentic.jpg,manipulated/SD_00637_clone.jpg,clone,"[430, 270, 580, 305]",Vivaan Nair,Nair,Vivaan,19960809,2023-02-07,2028-09-08,J8315203,SGP,F,train
SD_00638,authentic/SD_00638_authentic.jpg,manipulated/SD_00638_compression.jpg,compression,"[0, 0, 700, 455]",Sara Patel,Patel,Sara,19710109,2017-05-19,2027-05-27,C0496706,CAN,F,train
SD_00639,authentic/SD_00639_authentic.jpg,manipulated/SD_00639_mixed.jpg,mixed,"[45, 100, 650, 250]",Vivaan Mehta,Mehta,Vivaan,19830322,2016-07-18,2021-11-10,B8509549,USA,M,train
SD_00640,authentic/SD_00640_authentic.jpg,manipulated/SD_00640_text_change.jpg,text_change,"[205, 150, 650, 173]",Diya Bose,Bose,Diya,19971224,2021-01-26,2026-09-13,X4876998,GBR,M,validation
SD_00641,authentic/SD_00641_authentic.jpg,manipulated/SD_00641_photo_change.jpg,photo_change,"[45, 100, 165, 250]",Meera Kapoor,Kapoor,Meera,19850109,2012-11-09,2017-04-25,R4596094,GBR,F,train
SD_00642,authentic/SD_00642_authentic.jpg,manipulated/SD_00642_number_change.jpg,number_change,"[205, 188, 650, 211]",Anaya Singh,Singh,Anaya,19700519,2011-11-11,2021-03-15,O0707057,SGP,M,validation
SD_00643,authentic/SD_00643_authentic.jpg,manipulated/SD_00643_date_change.jpg,date_change,"[205, 264, 650, 287]",Kiara Sharma,Sharma,Kiara,19751018,2014-06-03,2024-03-09,Y4472322,AUS,M,test
SD_00644,authentic/SD_00644_authentic.jpg,manipulated/SD_00644_copy_paste.jpg,copy_paste,"[205, 140, 500, 175]",Vivaan Verma,Verma,Vivaan,20021011,2023-01-18,2028-01-23,I4058093,GBR,M,train
SD_00645,authentic/SD_00645_authentic.jpg,manipulated/SD_00645_clone.jpg,clone,"[430, 270, 580, 305]",Aditya Iyer,Iyer,Aditya,19980903,2017-04-07,2027-10-12,V6164205,AUS,F,train
SD_00646,authentic/SD_00646_authentic.jpg,manipulated/SD_00646_compression.jpg,compression,"[0, 0, 700, 455]",Diya Joshi,Joshi,Diya,19930520,2018-01-06,2028-01-10,E9019358,SGP,F,validation
SD_00647,authentic/SD_00647_authentic.jpg,manipulated/SD_00647_mixed.jpg,mixed,"[45, 100, 650, 250]",Ishaan Joshi,Joshi,Ishaan,19721205,2020-07-25,2025-02-08,S8986818,IND,F,train
SD_00648,authentic/SD_00648_authentic.jpg,manipulated/SD_00648_text_change.jpg,text_change,"[205, 150, 650, 173]",Sara Nair,Nair,Sara,19871010,2013-04-11,2018-06-08,O5137651,GBR,M,train
SD_00649,authentic/SD_00649_authentic.jpg,manipulated/SD_00649_photo_change.jpg,photo_change,"[45, 100, 165, 250]",Ira Kulkarni,Kulkarni,Ira,20000415,2022-07-08,2027-09-08,Y6929445,GBR,M,train
SD_00650,authentic/SD_00650_authentic.jpg,manipulated/SD_00650_number_change.jpg,number_change,"[205, 188, 650, 211]",Aditya Joshi,Joshi,Aditya,19960319,2022-08-21,2027-03-15,A2164871,USA,M,test
SD_00651,authentic/SD_00651_authentic.jpg,manipulated/SD_00651_date_change.jpg,date_change,"[205, 264, 650, 287]",Kiara Sharma,Sharma,Kiara,19800317,2011-09-13,2021-06-05,M8341559,AUS,M,train
SD_00652,authentic/SD_00652_authentic.jpg,manipulated/SD_00652_copy_paste.jpg,copy_paste,"[205, 140, 500, 175]",Ira Kapoor,Kapoor,Ira,19960824,2024-07-10,2034-12-05,X2981209,AUS,F,train
SD_00653,authentic/SD_00653_authentic.jpg,manipulated/SD_00653_clone.jpg,clone,"[430, 270, 580, 305]",Sara Joshi,Joshi,Sara,19900317,2017-12-19,2027-02-08,J7509889,AUS,F,train
SD_00654,authentic/SD_00654_authentic.jpg,manipulated/SD_00654_compression.jpg,compression,"[0, 0, 700, 455]",Aadhya Nair,Nair,Aadhya,19940305,2017-01-27,2022-07-17,I9951542,IND,F,test
SD_00655,authentic/SD_00655_authentic.jpg,manipulated/SD_00655_mixed.jpg,mixed,"[45, 100, 650, 250]",Anaya Kapoor,Kapoor,Anaya,19980310,2019-05-20,2024-04-22,I2138820,AUS,M,test
SD_00656,authentic/SD_00656_authentic.jpg,manipulated/SD_00656_text_change.jpg,text_change,"[205, 150, 650, 173]",Ishaan Sharma,Sharma,Ishaan,20010607,2019-05-19,2029-12-15,Q2741176,CAN,F,validation
SD_00657,authentic/SD_00657_authentic.jpg,manipulated/SD_00657_photo_change.jpg,photo_change,"[45, 100, 165, 250]",Aditya Malhotra,Malhotra,Aditya,19781222,2014-02-12,2019-12-26,H1528547,SGP,M,train
SD_00658,authentic/SD_00658_authentic.jpg,manipulated/SD_00658_number_change.jpg,number_change,"[205, 188, 650, 211]",Diya Sharma,Sharma,Diya,19971226,2016-09-11,2021-09-22,U0032963,SGP,M,test
SD_00659,authentic/SD_00659_authentic.jpg,manipulated/SD_00659_date_change.jpg,date_change,"[205, 264, 650, 287]",Anaya Kapoor,Kapoor,Anaya,19790324,2017-08-10,2022-04-21,C8306178,AUS,M,train
SD_00660,authentic/SD_00660_authentic.jpg,manipulated/SD_00660_copy_paste.jpg,copy_paste,"[205, 140, 500, 175]",Kiara Bose,Bose,Kiara,19860721,2019-10-08,2029-08-17,V2434776,AUS,F,train
SD_00661,authentic/SD_00661_authentic.jpg,manipulated/SD_00661_clone.jpg,clone,"[430, 270, 580, 305]",Tara Rao,Rao,Tara,19760225,2013-05-14,2023-06-08,V6127515,SGP,F,train
SD_00662,authentic/SD_00662_authentic.jpg,manipulated/SD_00662_compression.jpg,compression,"[0, 0, 700, 455]",Kabir Singh,Singh,Kabir,20000820,2024-07-22,2029-01-10,I8360854,SGP,F,train
SD_00663,authentic/SD_00663_authentic.jpg,manipulated/SD_00663_mixed.jpg,mixed,"[45, 100, 650, 250]",Kiara Joshi,Joshi,Kiara,19980709,2022-01-09,2032-12-08,K0476392,AUS,M,test
SD_00664,authentic/SD_00664_authentic.jpg,manipulated/SD_00664_text_change.jpg,text_change,"[205, 150, 650, 173]",Arjun Desai,Desai,Arjun,19911018,2012-01-24,2017-07-03,Y5581083,GBR,M,train
SD_00665,authentic/SD_00665_authentic.jpg,manipulated/SD_00665_photo_change.jpg,photo_change,"[45, 100, 165, 250]",Rohan Malhotra,Malhotra,Rohan,20041208,2023-05-26,2028-06-11,N3830008,IND,F,test
SD_00666,authentic/SD_00666_authentic.jpg,manipulated/SD_00666_number_change.jpg,number_change,"[205, 188, 650, 211]",Tara Sharma,Sharma,Tara,19800501,2014-04-21,2019-01-09,X1662411,IND,F,train
SD_00667,authentic/SD_00667_authentic.jpg,manipulated/SD_00667_date_change.jpg,date_change,"[205, 264, 650, 287]",Aarav Sharma,Sharma,Aarav,20040304,2024-12-19,2034-04-27,T4568044,CAN,M,train
SD_00668,authentic/SD_00668_authentic.jpg,manipulated/SD_00668_copy_paste.jpg,copy_paste,"[205, 140, 500, 175]",Tara Joshi,Joshi,Tara,19880208,2016-07-18,2026-08-10,W8836076,GBR,M,train
SD_00669,authentic/SD_00669_authentic.jpg,manipulated/SD_00669_clone.jpg,clone,"[430, 270, 580, 305]",Sara Mehta,Mehta,Sara,19710415,2016-06-16,2021-11-10,K2118237,AUS,M,train
SD_00670,authentic/SD_00670_authentic.jpg,manipulated/SD_00670_compression.jpg,compression,"[0, 0, 700, 455]",Aditya Verma,Verma,Aditya,19950817,2022-12-27,2027-01-25,P4645205,SGP,F,train
SD_00671,authentic/SD_00671_authentic.jpg,manipulated/SD_00671_mixed.jpg,mixed,"[45, 100, 650, 250]",Aarav Rao,Rao,Aarav,19830926,2022-08-18,2032-06-21,H5778811,CAN,M,test
SD_00672,authentic/SD_00672_authentic.jpg,manipulated/SD_00672_text_change.jpg,text_change,"[205, 150, 650, 173]",Meera Verma,Verma,Meera,19700924,2012-02-06,2017-08-28,D0672872,SGP,F,train
SD_00673,authentic/SD_00673_authentic.jpg,manipulated/SD_00673_photo_change.jpg,photo_change,"[45, 100, 165, 250]",Meera Sharma,Sharma,Meera,19880710,2011-12-22,2021-09-11,T5922483,AUS,F,train
SD_00674,authentic/SD_00674_authentic.jpg,manipulated/SD_00674_number_change.jpg,number_change,"[205, 188, 650, 211]",Anaya Kapoor,Kapoor,Anaya,19990624,2020-12-28,2025-03-17,W7056227,IND,M,validation
SD_00675,authentic/SD_00675_authentic.jpg,manipulated/SD_00675_date_change.jpg,date_change,"[205, 264, 650, 287]",Aadhya Bose,Bose,Aadhya,19821204,2013-09-15,2023-02-02,T7921583,GBR,M,validation
SD_00676,authentic/SD_00676_authentic.jpg,manipulated/SD_00676_copy_paste.jpg,copy_paste,"[205, 140, 500, 175]",Aadhya Malhotra,Malhotra,Aadhya,19971210,2024-06-20,2034-05-18,R3192134,USA,F,train
SD_00677,authentic/SD_00677_authentic.jpg,manipulated/SD_00677_clone.jpg,clone,"[430, 270, 580, 305]",Arjun Verma,Verma,Arjun,20030619,2024-10-20,2034-12-28,T7320331,AUS,M,test
SD_00678,authentic/SD_00678_authentic.jpg,manipulated/SD_00678_compression.jpg,compression,"[0, 0, 700, 455]",Kabir Verma,Verma,Kabir,20000111,2024-02-02,2029-09-26,O6754813,AUS,F,train
SD_00679,authentic/SD_00679_authentic.jpg,manipulated/SD_00679_mixed.jpg,mixed,"[45, 100, 650, 250]",Meera Singh,Singh,Meera,19940812,2023-05-27,2033-09-03,T3242687,CAN,F,train
SD_00680,authentic/SD_00680_authentic.jpg,manipulated/SD_00680_text_change.jpg,text_change,"[205, 150, 650, 173]",Arjun Iyer,Iyer,Arjun,19970301,2020-06-28,2030-11-12,X6398365,USA,M,train
SD_00681,authentic/SD_00681_authentic.jpg,manipulated/SD_00681_photo_change.jpg,photo_change,"[45, 100, 165, 250]",Ishaan Kapoor,Kapoor,Ishaan,19930401,2019-10-10,2029-02-12,I8094047,CAN,M,train
SD_00682,authentic/SD_00682_authentic.jpg,manipulated/SD_00682_number_change.jpg,number_change,"[205, 188, 650, 211]",Anaya Rao,Rao,Anaya,19730128,2019-12-16,2029-08-06,P8105092,SGP,M,train
SD_00683,authentic/SD_00683_authentic.jpg,manipulated/SD_00683_date_change.jpg,date_change,"[205, 264, 650, 287]",Kabir Patel,Patel,Kabir,19960115,2015-11-23,2020-06-04,R4390552,AUS,F,train
SD_00684,authentic/SD_00684_authentic.jpg,manipulated/SD_00684_copy_paste.jpg,copy_paste,"[205, 140, 500, 175]",Meera Joshi,Joshi,Meera,19730427,2011-09-05,2021-02-06,O0493862,SGP,M,train
SD_00685,authentic/SD_00685_authentic.jpg,manipulated/SD_00685_clone.jpg,clone,"[430, 270, 580, 305]",Aadhya Rao,Rao,Aadhya,19920615,2011-10-27,2016-10-15,C1121259,SGP,M,validation
SD_00686,authentic/SD_00686_authentic.jpg,manipulated/SD_00686_compression.jpg,compression,"[0, 0, 700, 455]",Rohan Singh,Singh,Rohan,19701112,2013-08-03,2018-05-27,V3240642,GBR,M,test
SD_00687,authentic/SD_00687_authentic.jpg,manipulated/SD_00687_mixed.jpg,mixed,"[45, 100, 650, 250]",Diya Joshi,Joshi,Diya,19840409,2023-04-06,2033-05-23,O4175955,SGP,F,validation
SD_00688,authentic/SD_00688_authentic.jpg,manipulated/SD_00688_text_change.jpg,text_change,"[205, 150, 650, 173]",Rohan Sharma,Sharma,Rohan,19940919,2014-04-23,2024-06-21,Z4358841,AUS,M,train
SD_00689,authentic/SD_00689_authentic.jpg,manipulated/SD_00689_photo_change.jpg,photo_change,"[45, 100, 165, 250]",Anaya Mehta,Mehta,Anaya,19990104,2021-09-22,2026-08-05,O9559690,GBR,M,train
SD_00690,authentic/SD_00690_authentic.jpg,manipulated/SD_00690_number_change.jpg,number_change,"[205, 188, 650, 211]",Ira Malhotra,Malhotra,Ira,19700716,2012-06-11,2017-03-12,J2782079,CAN,F,train
SD_00691,authentic/SD_00691_authentic.jpg,manipulated/SD_00691_date_change.jpg,date_change,"[205, 264, 650, 287]",Meera Kapoor,Kapoor,Meera,19851212,2014-10-11,2024-11-13,J0381664,AUS,F,train
SD_00692,authentic/SD_00692_authentic.jpg,manipulated/SD_00692_copy_paste.jpg,copy_paste,"[205, 140, 500, 175]",Rohan Iyer,Iyer,Rohan,19800520,2024-12-17,2029-10-25,E2501425,CAN,F,test
SD_00693,authentic/SD_00693_authentic.jpg,manipulated/SD_00693_clone.jpg,clone,"[430, 270, 580, 305]",Rohan Kapoor,Kapoor,Rohan,19700307,2020-03-10,2030-02-06,H3613285,IND,F,train
SD_00694,authentic/SD_00694_authentic.jpg,manipulated/SD_00694_compression.jpg,compression,"[0, 0, 700, 455]",Rohan Nair,Nair,Rohan,19760922,2017-07-23,2022-08-22,M7316252,CAN,F,train
SD_00695,authentic/SD_00695_authentic.jpg,manipulated/SD_00695_mixed.jpg,mixed,"[45, 100, 650, 250]",Aadhya Malhotra,Malhotra,Aadhya,19970718,2024-02-12,2034-11-24,S0392355,GBR,M,train
SD_00696,authentic/SD_00696_authentic.jpg,manipulated/SD_00696_text_change.jpg,text_change,"[205, 150, 650, 173]",Meera Patel,Patel,Meera,19840807,2012-01-07,2022-07-03,K6262446,SGP,F,validation
SD_00697,authentic/SD_00697_authentic.jpg,manipulated/SD_00697_photo_change.jpg,photo_change,"[45, 100, 165, 250]",Vivaan Rao,Rao,Vivaan,19960313,2016-11-17,2021-08-26,C5160252,AUS,F,train
SD_00698,authentic/SD_00698_authentic.jpg,manipulated/SD_00698_number_change.jpg,number_change,"[205, 188, 650, 211]",Sara Sharma,Sharma,Sara,20011113,2024-07-25,2029-05-14,I1978575,AUS,F,validation
SD_00699,authentic/SD_00699_authentic.jpg,manipulated/SD_00699_date_change.jpg,date_change,"[205, 264, 650, 287]",Arjun Singh,Singh,Arjun,19810925,2016-07-28,2021-03-01,K9438976,IND,F,test
SD_00700,authentic/SD_00700_authentic.jpg,manipulated/SD_00700_copy_paste.jpg,copy_paste,"[205, 140, 500, 175]",Arjun Malhotra,Malhotra,Arjun,20010602,2022-10-22,2032-05-14,K4084245,CAN,M,train
SD_00701,authentic/SD_00701_authentic.jpg,manipulated/SD_00701_clone.jpg,clone,"[430, 270, 580, 305]",Sara Nair,Nair,Sara,19890120,2020-02-12,2025-09-24,M3218122,SGP,F,test
SD_00702,authentic/SD_00702_authentic.jpg,manipulated/SD_00702_compression.jpg,compression,"[0, 0, 700, 455]",Kiara Rao,Rao,Kiara,19921220,2017-04-27,2027-01-03,K5029168,SGP,M,train
SD_00703,authentic/SD_00703_authentic.jpg,manipulated/SD_00703_mixed.jpg,mixed,"[45, 100, 650, 250]",Diya Kulkarni,Kulkarni,Diya,19890701,2016-03-24,2026-12-21,X1613944,AUS,M,train
SD_00704,authentic/SD_00704_authentic.jpg,manipulated/SD_00704_text_change.jpg,text_change,"[205, 150, 650, 173]",Vivaan Nair,Nair,Vivaan,20000709,2019-12-23,2024-05-17,V0962440,CAN,M,test
SD_00705,authentic/SD_00705_authentic.jpg,manipulated/SD_00705_photo_change.jpg,photo_change,"[45, 100, 165, 250]",Aarav Singh,Singh,Aarav,19960309,2024-05-15,2034-02-08,H0531949,CAN,F,train
SD_00706,authentic/SD_00706_authentic.jpg,manipulated/SD_00706_number_change.jpg,number_change,"[205, 188, 650, 211]",Diya Iyer,Iyer,Diya,19940901,2019-06-11,2029-06-27,O2773826,GBR,F,validation
SD_00707,authentic/SD_00707_authentic.jpg,manipulated/SD_00707_date_change.jpg,date_change,"[205, 264, 650, 287]",Vivaan Kulkarni,Kulkarni,Vivaan,19750818,2020-06-03,2025-12-17,L4457702,AUS,M,train
SD_00708,authentic/SD_00708_authentic.jpg,manipulated/SD_00708_copy_paste.jpg,copy_paste,"[205, 140, 500, 175]",Kiara Joshi,Joshi,Kiara,19710518,2022-12-16,2027-07-18,E6911633,IND,F,train
SD_00709,authentic/SD_00709_authentic.jpg,manipulated/SD_00709_clone.jpg,clone,"[430, 270, 580, 305]",Rohan Malhotra,Malhotra,Rohan,19801213,2022-09-14,2032-04-14,T4551588,AUS,F,validation
SD_00710,authentic/SD_00710_authentic.jpg,manipulated/SD_00710_compression.jpg,compression,"[0, 0, 700, 455]",Neel Malhotra,Malhotra,Neel,19950810,2020-08-06,2025-07-10,A8572169,SGP,F,train
SD_00711,authentic/SD_00711_authentic.jpg,manipulated/SD_00711_mixed.jpg,mixed,"[45, 100, 650, 250]",Kiara Joshi,Joshi,Kiara,19820120,2020-04-05,2025-10-19,X6059329,SGP,F,train
SD_00712,authentic/SD_00712_authentic.jpg,manipulated/SD_00712_text_change.jpg,text_change,"[205, 150, 650, 173]",Aditya Nair,Nair,Aditya,19711026,2021-11-13,2026-03-15,L3273524,IND,M,train
SD_00713,authentic/SD_00713_authentic.jpg,manipulated/SD_00713_photo_change.jpg,photo_change,"[45, 100, 165, 250]",Ishaan Desai,Desai,Ishaan,19990422,2024-10-15,2029-03-15,Q1952371,IND,M,train
SD_00714,authentic/SD_00714_authentic.jpg,manipulated/SD_00714_number_change.jpg,number_change,"[205, 188, 650, 211]",Kiara Malhotra,Malhotra,Kiara,20030703,2024-07-09,2029-12-25,T8077046,SGP,M,test
SD_00715,authentic/SD_00715_authentic.jpg,manipulated/SD_00715_date_change.jpg,date_change,"[205, 264, 650, 287]",Ira Joshi,Joshi,Ira,20020726,2023-02-04,2028-05-25,S1256523,CAN,M,train
SD_00716,authentic/SD_00716_authentic.jpg,manipulated/SD_00716_copy_paste.jpg,copy_paste,"[205, 140, 500, 175]",Diya Kulkarni,Kulkarni,Diya,19741216,2017-04-25,2027-06-10,W7574949,IND,M,train
SD_00717,authentic/SD_00717_authentic.jpg,manipulated/SD_00717_clone.jpg,clone,"[430, 270, 580, 305]",Kabir Iyer,Iyer,Kabir,19880412,2010-10-12,2020-05-23,F9477422,USA,F,train
SD_00718,authentic/SD_00718_authentic.jpg,manipulated/SD_00718_compression.jpg,compression,"[0, 0, 700, 455]",Meera Rao,Rao,Meera,19840419,2010-05-05,2015-05-12,X8867925,SGP,M,test
SD_00719,authentic/SD_00719_authentic.jpg,manipulated/SD_00719_mixed.jpg,mixed,"[45, 100, 650, 250]",Diya Iyer,Iyer,Diya,19930821,2017-03-28,2027-03-16,M0153433,USA,F,train
SD_00720,authentic/SD_00720_authentic.jpg,manipulated/SD_00720_text_change.jpg,text_change,"[205, 150, 650, 173]",Arjun Kulkarni,Kulkarni,Arjun,19820815,2015-10-21,2020-12-28,Z8335061,GBR,M,train
SD_00721,authentic/SD_00721_authentic.jpg,manipulated/SD_00721_photo_change.jpg,photo_change,"[45, 100, 165, 250]",Anaya Iyer,Iyer,Anaya,20040928,2024-02-26,2029-08-19,Q3342337,USA,M,test
SD_00722,authentic/SD_00722_authentic.jpg,manipulated/SD_00722_number_change.jpg,number_change,"[205, 188, 650, 211]",Anaya Iyer,Iyer,Anaya,19871207,2011-12-27,2016-03-17,J0333997,CAN,M,train
SD_00723,authentic/SD_00723_authentic.jpg,manipulated/SD_00723_date_change.jpg,date_change,"[205, 264, 650, 287]",Vivaan Nair,Nair,Vivaan,19740804,2013-08-03,2023-04-04,R9397490,AUS,F,train
SD_00724,authentic/SD_00724_authentic.jpg,manipulated/SD_00724_copy_paste.jpg,copy_paste,"[205, 140, 500, 175]",Ishaan Desai,Desai,Ishaan,19990525,2017-07-20,2027-08-21,F5878444,AUS,M,validation
SD_00725,authentic/SD_00725_authentic.jpg,manipulated/SD_00725_clone.jpg,clone,"[430, 270, 580, 305]",Diya Rao,Rao,Diya,20021115,2022-02-25,2027-08-01,K8772216,SGP,F,train
SD_00726,authentic/SD_00726_authentic.jpg,manipulated/SD_00726_compression.jpg,compression,"[0, 0, 700, 455]",Arjun Malhotra,Malhotra,Arjun,19981122,2021-09-27,2026-04-25,D3348458,CAN,M,train
SD_00727,authentic/SD_00727_authentic.jpg,manipulated/SD_00727_mixed.jpg,mixed,"[45, 100, 650, 250]",Aadhya Desai,Desai,Aadhya,19831105,2019-06-06,2024-07-26,F2925879,CAN,F,train
SD_00728,authentic/SD_00728_authentic.jpg,manipulated/SD_00728_text_change.jpg,text_change,"[205, 150, 650, 173]",Neel Rao,Rao,Neel,20000512,2024-03-10,2034-12-12,X5746966,IND,F,validation
SD_00729,authentic/SD_00729_authentic.jpg,manipulated/SD_00729_photo_change.jpg,photo_change,"[45, 100, 165, 250]",Vivaan Joshi,Joshi,Vivaan,19920315,2020-05-01,2025-04-22,W4450566,GBR,M,train
SD_00730,authentic/SD_00730_authentic.jpg,manipulated/SD_00730_number_change.jpg,number_change,"[205, 188, 650, 211]",Ishaan Desai,Desai,Ishaan,20020504,2023-02-08,2028-06-24,P9706734,AUS,F,validation
SD_00731,authentic/SD_00731_authentic.jpg,manipulated/SD_00731_date_change.jpg,date_change,"[205, 264, 650, 287]",Vivaan Patel,Patel,Vivaan,19730609,2020-09-12,2030-05-04,P2156229,GBR,M,train
SD_00732,authentic/SD_00732_authentic.jpg,manipulated/SD_00732_copy_paste.jpg,copy_paste,"[205, 140, 500, 175]",Sara Mehta,Mehta,Sara,19900925,2019-11-09,2029-12-01,E1557325,CAN,M,train
SD_00733,authentic/SD_00733_authentic.jpg,manipulated/SD_00733_clone.jpg,clone,"[430, 270, 580, 305]",Sara Nair,Nair,Sara,19911123,2013-05-09,2018-03-04,U6667080,AUS,F,test
SD_00734,authentic/SD_00734_authentic.jpg,manipulated/SD_00734_compression.jpg,compression,"[0, 0, 700, 455]",Aarav Desai,Desai,Aarav,19970928,2015-06-26,2025-05-19,K1191818,USA,M,validation
SD_00735,authentic/SD_00735_authentic.jpg,manipulated/SD_00735_mixed.jpg,mixed,"[45, 100, 650, 250]",Sara Desai,Desai,Sara,19820225,2022-11-14,2032-08-15,X2512957,AUS,F,test
SD_00736,authentic/SD_00736_authentic.jpg,manipulated/SD_00736_text_change.jpg,text_change,"[205, 150, 650, 173]",Aarav Joshi,Joshi,Aarav,19881027,2010-07-01,2015-04-11,N2439587,SGP,M,validation
SD_00737,authentic/SD_00737_authentic.jpg,manipulated/SD_00737_photo_change.jpg,photo_change,"[45, 100, 165, 250]",Ira Bose,Bose,Ira,19790307,2013-05-06,2018-01-18,T0285155,USA,M,train
SD_00738,authentic/SD_00738_authentic.jpg,manipulated/SD_00738_number_change.jpg,number_change,"[205, 188, 650, 211]",Ishaan Rao,Rao,Ishaan,19800508,2016-04-25,2026-01-05,O1607360,CAN,F,validation
SD_00739,authentic/SD_00739_authentic.jpg,manipulated/SD_00739_date_change.jpg,date_change,"[205, 264, 650, 287]",Meera Mehta,Mehta,Meera,19830719,2022-02-03,2027-09-19,X8123179,GBR,F,validation
SD_00740,authentic/SD_00740_authentic.jpg,manipulated/SD_00740_copy_paste.jpg,copy_paste,"[205, 140, 500, 175]",Ishaan Patel,Patel,Ishaan,20020809,2022-09-04,2032-01-01,M6615541,CAN,F,train
SD_00741,authentic/SD_00741_authentic.jpg,manipulated/SD_00741_clone.jpg,clone,"[430, 270, 580, 305]",Neel Bose,Bose,Neel,19751126,2020-07-16,2025-05-24,U5023290,USA,M,train
SD_00742,authentic/SD_00742_authentic.jpg,manipulated/SD_00742_compression.jpg,compression,"[0, 0, 700, 455]",Kabir Bose,Bose,Kabir,20000102,2024-10-26,2029-12-22,J5962622,AUS,M,train
SD_00743,authentic/SD_00743_authentic.jpg,manipulated/SD_00743_mixed.jpg,mixed,"[45, 100, 650, 250]",Rohan Nair,Nair,Rohan,19770301,2022-08-07,2032-07-21,L4950050,CAN,M,train
SD_00744,authentic/SD_00744_authentic.jpg,manipulated/SD_00744_text_change.jpg,text_change,"[205, 150, 650, 173]",Kabir Joshi,Joshi,Kabir,19720725,2018-10-24,2023-03-04,A5316117,CAN,F,train
SD_00745,authentic/SD_00745_authentic.jpg,manipulated/SD_00745_photo_change.jpg,photo_change,"[45, 100, 165, 250]",Sara Verma,Verma,Sara,19700816,2014-05-05,2024-11-18,L9177932,USA,M,train
SD_00746,authentic/SD_00746_authentic.jpg,manipulated/SD_00746_number_change.jpg,number_change,"[205, 188, 650, 211]",Kabir Mehta,Mehta,Kabir,19750223,2021-07-10,2026-04-08,I2457988,AUS,F,test
SD_00747,authentic/SD_00747_authentic.jpg,manipulated/SD_00747_date_change.jpg,date_change,"[205, 264, 650, 287]",Kabir Nair,Nair,Kabir,19971105,2020-10-24,2025-12-26,M0320203,USA,F,test
SD_00748,authentic/SD_00748_authentic.jpg,manipulated/SD_00748_copy_paste.jpg,copy_paste,"[205, 140, 500, 175]",Tara Kapoor,Kapoor,Tara,19921128,2013-10-13,2023-04-15,T4871485,GBR,M,train
SD_00749,authentic/SD_00749_authentic.jpg,manipulated/SD_00749_clone.jpg,clone,"[430, 270, 580, 305]",Anaya Nair,Nair,Anaya,20010822,2023-02-22,2033-09-09,C5608213,CAN,M,validation
SD_00750,authentic/SD_00750_authentic.jpg,manipulated/SD_00750_compression.jpg,compression,"[0, 0, 700, 455]",Arjun Iyer,Iyer,Arjun,19880610,2012-08-14,2017-09-06,M8323035,AUS,M,train
SD_00751,authentic/SD_00751_authentic.jpg,manipulated/SD_00751_mixed.jpg,mixed,"[45, 100, 650, 250]",Vivaan Singh,Singh,Vivaan,20040908,2023-12-17,2028-06-06,D2932896,USA,F,train
SD_00752,authentic/SD_00752_authentic.jpg,manipulated/SD_00752_text_change.jpg,text_change,"[205, 150, 650, 173]",Vivaan Joshi,Joshi,Vivaan,19880914,2016-08-15,2026-03-24,J0148439,AUS,M,train
SD_00753,authentic/SD_00753_authentic.jpg,manipulated/SD_00753_photo_change.jpg,photo_change,"[45, 100, 165, 250]",Vivaan Singh,Singh,Vivaan,19960316,2016-03-25,2021-07-26,F6693351,USA,F,validation
SD_00754,authentic/SD_00754_authentic.jpg,manipulated/SD_00754_number_change.jpg,number_change,"[205, 188, 650, 211]",Kabir Joshi,Joshi,Kabir,19771219,2021-11-05,2026-08-05,V4501848,IND,F,test
SD_00755,authentic/SD_00755_authentic.jpg,manipulated/SD_00755_date_change.jpg,date_change,"[205, 264, 650, 287]",Neel Kulkarni,Kulkarni,Neel,19980218,2020-12-20,2030-03-03,Y5406417,CAN,M,train
SD_00756,authentic/SD_00756_authentic.jpg,manipulated/SD_00756_copy_paste.jpg,copy_paste,"[205, 140, 500, 175]",Neel Iyer,Iyer,Neel,19761220,2011-10-28,2021-04-28,V7660144,GBR,F,train
SD_00757,authentic/SD_00757_authentic.jpg,manipulated/SD_00757_clone.jpg,clone,"[430, 270, 580, 305]",Kiara Kulkarni,Kulkarni,Kiara,19860201,2015-02-23,2025-04-19,P3964178,AUS,F,train
SD_00758,authentic/SD_00758_authentic.jpg,manipulated/SD_00758_compression.jpg,compression,"[0, 0, 700, 455]",Meera Sharma,Sharma,Meera,19761104,2019-10-04,2024-04-12,S9660577,AUS,M,test
SD_00759,authentic/SD_00759_authentic.jpg,manipulated/SD_00759_mixed.jpg,mixed,"[45, 100, 650, 250]",Meera Malhotra,Malhotra,Meera,19970419,2015-03-01,2025-02-10,N0745553,GBR,F,test
SD_00760,authentic/SD_00760_authentic.jpg,manipulated/SD_00760_text_change.jpg,text_change,"[205, 150, 650, 173]",Vivaan Nair,Nair,Vivaan,19990307,2021-09-25,2031-12-13,Y5271559,AUS,M,train
SD_00761,authentic/SD_00761_authentic.jpg,manipulated/SD_00761_photo_change.jpg,photo_change,"[45, 100, 165, 250]",Diya Malhotra,Malhotra,Diya,19891203,2011-11-13,2021-10-16,U2634755,CAN,F,train
SD_00762,authentic/SD_00762_authentic.jpg,manipulated/SD_00762_number_change.jpg,number_change,"[205, 188, 650, 211]",Rohan Verma,Verma,Rohan,19900207,2010-10-10,2020-09-18,F6913119,SGP,F,test
SD_00763,authentic/SD_00763_authentic.jpg,manipulated/SD_00763_date_change.jpg,date_change,"[205, 264, 650, 287]",Anaya Verma,Verma,Anaya,19910613,2018-03-13,2023-12-27,Z4991537,IND,M,train
SD_00764,authentic/SD_00764_authentic.jpg,manipulated/SD_00764_copy_paste.jpg,copy_paste,"[205, 140, 500, 175]",Anaya Sharma,Sharma,Anaya,20011208,2020-04-08,2030-11-26,G2043097,CAN,F,validation
SD_00765,authentic/SD_00765_authentic.jpg,manipulated/SD_00765_clone.jpg,clone,"[430, 270, 580, 305]",Ishaan Joshi,Joshi,Ishaan,19810919,2023-07-21,2033-12-09,W5465535,AUS,F,train
SD_00766,authentic/SD_00766_authentic.jpg,manipulated/SD_00766_compression.jpg,compression,"[0, 0, 700, 455]",Aditya Bose,Bose,Aditya,19781208,2015-09-19,2020-02-26,Q7851935,SGP,M,train
SD_00767,authentic/SD_00767_authentic.jpg,manipulated/SD_00767_mixed.jpg,mixed,"[45, 100, 650, 250]",Sara Rao,Rao,Sara,19731015,2017-08-19,2027-02-06,A8780572,IND,F,validation
SD_00768,authentic/SD_00768_authentic.jpg,manipulated/SD_00768_text_change.jpg,text_change,"[205, 150, 650, 173]",Aditya Bose,Bose,Aditya,19870524,2019-01-23,2029-07-23,Y2637484,GBR,M,validation
SD_00769,authentic/SD_00769_authentic.jpg,manipulated/SD_00769_photo_change.jpg,photo_change,"[45, 100, 165, 250]",Kiara Verma,Verma,Kiara,20041011,2024-01-20,2029-12-25,L9119186,SGP,M,train
SD_00770,authentic/SD_00770_authentic.jpg,manipulated/SD_00770_number_change.jpg,number_change,"[205, 188, 650, 211]",Ishaan Mehta,Mehta,Ishaan,19810301,2023-11-16,2028-06-03,D6966672,GBR,M,train
SD_00771,authentic/SD_00771_authentic.jpg,manipulated/SD_00771_date_change.jpg,date_change,"[205, 264, 650, 287]",Arjun Rao,Rao,Arjun,19921214,2012-05-16,2017-03-09,M3351571,AUS,F,train
SD_00772,authentic/SD_00772_authentic.jpg,manipulated/SD_00772_copy_paste.jpg,copy_paste,"[205, 140, 500, 175]",Vivaan Iyer,Iyer,Vivaan,19730604,2020-03-01,2025-01-11,M4099512,USA,F,train
SD_00773,authentic/SD_00773_authentic.jpg,manipulated/SD_00773_clone.jpg,clone,"[430, 270, 580, 305]",Rohan Iyer,Iyer,Rohan,19830228,2015-11-05,2025-10-06,O2827090,AUS,M,validation
SD_00774,authentic/SD_00774_authentic.jpg,manipulated/SD_00774_compression.jpg,compression,"[0, 0, 700, 455]",Aadhya Rao,Rao,Aadhya,19761106,2015-10-17,2020-02-16,G9295786,CAN,M,train
SD_00775,authentic/SD_00775_authentic.jpg,manipulated/SD_00775_mixed.jpg,mixed,"[45, 100, 650, 250]",Aditya Nair,Nair,Aditya,19850308,2015-08-07,2025-01-12,B7918158,AUS,F,train
SD_00776,authentic/SD_00776_authentic.jpg,manipulated/SD_00776_text_change.jpg,text_change,"[205, 150, 650, 173]",Ishaan Rao,Rao,Ishaan,19900825,2012-04-10,2022-07-14,M1707158,CAN,F,train
SD_00777,authentic/SD_00777_authentic.jpg,manipulated/SD_00777_photo_change.jpg,photo_change,"[45, 100, 165, 250]",Aadhya Kapoor,Kapoor,Aadhya,19881123,2022-01-17,2027-04-03,J9982508,IND,M,test
SD_00778,authentic/SD_00778_authentic.jpg,manipulated/SD_00778_number_change.jpg,number_change,"[205, 188, 650, 211]",Aadhya Joshi,Joshi,Aadhya,19820902,2015-11-28,2025-12-17,Q2850317,USA,M,train
SD_00779,authentic/SD_00779_authentic.jpg,manipulated/SD_00779_date_change.jpg,date_change,"[205, 264, 650, 287]",Diya Patel,Patel,Diya,19830419,2017-11-20,2022-01-13,G1403526,USA,F,train
SD_00780,authentic/SD_00780_authentic.jpg,manipulated/SD_00780_copy_paste.jpg,copy_paste,"[205, 140, 500, 175]",Kabir Verma,Verma,Kabir,19851109,2019-07-22,2029-04-21,X4606664,USA,F,validation
SD_00781,authentic/SD_00781_authentic.jpg,manipulated/SD_00781_clone.jpg,clone,"[430, 270, 580, 305]",Anaya Desai,Desai,Anaya,19701213,2020-01-23,2030-03-22,W3111271,USA,F,test
SD_00782,authentic/SD_00782_authentic.jpg,manipulated/SD_00782_compression.jpg,compression,"[0, 0, 700, 455]",Rohan Bose,Bose,Rohan,19861223,2020-07-10,2030-05-28,S4116318,CAN,M,train
SD_00783,authentic/SD_00783_authentic.jpg,manipulated/SD_00783_mixed.jpg,mixed,"[45, 100, 650, 250]",Kabir Iyer,Iyer,Kabir,19720804,2017-02-08,2022-07-06,C1369572,CAN,M,train
SD_00784,authentic/SD_00784_authentic.jpg,manipulated/SD_00784_text_change.jpg,text_change,"[205, 150, 650, 173]",Ishaan Singh,Singh,Ishaan,19830602,2021-10-01,2026-06-28,I2573066,USA,F,validation
SD_00785,authentic/SD_00785_authentic.jpg,manipulated/SD_00785_photo_change.jpg,photo_change,"[45, 100, 165, 250]",Aditya Mehta,Mehta,Aditya,19810411,2020-11-24,2030-01-28,O1398482,USA,F,train
SD_00786,authentic/SD_00786_authentic.jpg,manipulated/SD_00786_number_change.jpg,number_change,"[205, 188, 650, 211]",Vivaan Patel,Patel,Vivaan,19740918,2016-01-20,2021-12-11,L0213060,AUS,M,test
SD_00787,authentic/SD_00787_authentic.jpg,manipulated/SD_00787_date_change.jpg,date_change,"[205, 264, 650, 287]",Meera Singh,Singh,Meera,19770425,2023-11-02,2028-01-21,P9649673,SGP,F,validation
SD_00788,authentic/SD_00788_authentic.jpg,manipulated/SD_00788_copy_paste.jpg,copy_paste,"[205, 140, 500, 175]",Ira Kulkarni,Kulkarni,Ira,19990315,2024-09-12,2029-03-10,U2642506,GBR,M,train
SD_00789,authentic/SD_00789_authentic.jpg,manipulated/SD_00789_clone.jpg,clone,"[430, 270, 580, 305]",Vivaan Kapoor,Kapoor,Vivaan,19960413,2022-03-27,2032-04-13,N6777675,GBR,F,train
SD_00790,authentic/SD_00790_authentic.jpg,manipulated/SD_00790_compression.jpg,compression,"[0, 0, 700, 455]",Meera Verma,Verma,Meera,20030407,2022-12-07,2027-12-22,Z9578654,USA,F,train
SD_00791,authentic/SD_00791_authentic.jpg,manipulated/SD_00791_mixed.jpg,mixed,"[45, 100, 650, 250]",Kabir Kapoor,Kapoor,Kabir,19761115,2018-05-27,2028-01-07,G5826862,CAN,M,test
SD_00792,authentic/SD_00792_authentic.jpg,manipulated/SD_00792_text_change.jpg,text_change,"[205, 150, 650, 173]",Ishaan Joshi,Joshi,Ishaan,19811222,2014-10-25,2019-11-13,S3265732,CAN,F,train
SD_00793,authentic/SD_00793_authentic.jpg,manipulated/SD_00793_photo_change.jpg,photo_change,"[45, 100, 165, 250]",Vivaan Kulkarni,Kulkarni,Vivaan,19760203,2022-01-01,2027-06-28,C5532341,GBR,F,train
SD_00794,authentic/SD_00794_authentic.jpg,manipulated/SD_00794_number_change.jpg,number_change,"[205, 188, 650, 211]",Sara Kapoor,Kapoor,Sara,19910310,2021-05-04,2026-03-06,N1896288,SGP,F,test
SD_00795,authentic/SD_00795_authentic.jpg,manipulated/SD_00795_date_change.jpg,date_change,"[205, 264, 650, 287]",Anaya Bose,Bose,Anaya,19851105,2011-08-04,2016-03-13,P6720957,AUS,M,train
SD_00796,authentic/SD_00796_authentic.jpg,manipulated/SD_00796_copy_paste.jpg,copy_paste,"[205, 140, 500, 175]",Tara Kulkarni,Kulkarni,Tara,19920603,2024-06-03,2029-03-20,J6213541,GBR,F,validation
SD_00797,authentic/SD_00797_authentic.jpg,manipulated/SD_00797_clone.jpg,clone,"[430, 270, 580, 305]",Aarav Desai,Desai,Aarav,19960628,2016-05-07,2026-09-01,P5203447,CAN,F,train
SD_00798,authentic/SD_00798_authentic.jpg,manipulated/SD_00798_compression.jpg,compression,"[0, 0, 700, 455]",Vivaan Rao,Rao,Vivaan,19990618,2018-01-05,2023-12-19,A4637660,SGP,F,validation
SD_00799,authentic/SD_00799_authentic.jpg,manipulated/SD_00799_mixed.jpg,mixed,"[45, 100, 650, 250]",Meera Nair,Nair,Meera,19930928,2023-07-14,2033-03-12,X4837441,CAN,M,train
SD_00800,authentic/SD_00800_authentic.jpg,manipulated/SD_00800_text_change.jpg,text_change,"[205, 150, 650, 173]",Diya Malhotra,Malhotra,Diya,20020126,2020-03-26,2025-04-03,F5129311,IND,M,train
SD_00801,authentic/SD_00801_authentic.jpg,manipulated/SD_00801_photo_change.jpg,photo_change,"[45, 100, 165, 250]",Diya Malhotra,Malhotra,Diya,19741021,2012-08-21,2022-11-04,T1023121,SGP,M,train
SD_00802,authentic/SD_00802_authentic.jpg,manipulated/SD_00802_number_change.jpg,number_change,"[205, 188, 650, 211]",Aarav Joshi,Joshi,Aarav,19840123,2013-02-13,2023-11-17,G7379274,SGP,M,train
SD_00803,authentic/SD_00803_authentic.jpg,manipulated/SD_00803_date_change.jpg,date_change,"[205, 264, 650, 287]",Sara Verma,Verma,Sara,20020206,2020-04-09,2025-09-19,G1132532,CAN,F,train
SD_00804,authentic/SD_00804_authentic.jpg,manipulated/SD_00804_copy_paste.jpg,copy_paste,"[205, 140, 500, 175]",Aadhya Mehta,Mehta,Aadhya,19970624,2019-04-17,2024-11-22,I4210175,SGP,M,train
SD_00805,authentic/SD_00805_authentic.jpg,manipulated/SD_00805_clone.jpg,clone,"[430, 270, 580, 305]",Kiara Patel,Patel,Kiara,19981222,2016-02-11,2026-12-22,T1945757,GBR,F,train
SD_00806,authentic/SD_00806_authentic.jpg,manipulated/SD_00806_compression.jpg,compression,"[0, 0, 700, 455]",Aadhya Singh,Singh,Aadhya,20010924,2021-04-08,2026-01-23,L6775677,CAN,M,train
SD_00807,authentic/SD_00807_authentic.jpg,manipulated/SD_00807_mixed.jpg,mixed,"[45, 100, 650, 250]",Kabir Bose,Bose,Kabir,19940128,2018-03-26,2028-07-28,U2650622,AUS,M,train
SD_00808,authentic/SD_00808_authentic.jpg,manipulated/SD_00808_text_change.jpg,text_change,"[205, 150, 650, 173]",Ishaan Patel,Patel,Ishaan,19710805,2016-05-11,2021-01-16,M2484337,AUS,F,validation
SD_00809,authentic/SD_00809_authentic.jpg,manipulated/SD_00809_photo_change.jpg,photo_change,"[45, 100, 165, 250]",Kiara Joshi,Joshi,Kiara,19801102,2017-06-04,2022-06-23,P9423873,CAN,F,train
SD_00810,authentic/SD_00810_authentic.jpg,manipulated/SD_00810_number_change.jpg,number_change,"[205, 188, 650, 211]",Aarav Rao,Rao,Aarav,19801110,2015-11-20,2025-10-04,T2845525,AUS,F,train
SD_00811,authentic/SD_00811_authentic.jpg,manipulated/SD_00811_date_change.jpg,date_change,"[205, 264, 650, 287]",Aditya Sharma,Sharma,Aditya,19980708,2021-04-11,2026-06-21,P4859532,GBR,M,validation
SD_00812,authentic/SD_00812_authentic.jpg,manipulated/SD_00812_copy_paste.jpg,copy_paste,"[205, 140, 500, 175]",Neel Malhotra,Malhotra,Neel,19851016,2017-01-11,2022-07-25,E9518779,SGP,F,train
SD_00813,authentic/SD_00813_authentic.jpg,manipulated/SD_00813_clone.jpg,clone,"[430, 270, 580, 305]",Aditya Kapoor,Kapoor,Aditya,19940426,2024-05-23,2029-06-28,Y0733055,AUS,F,train
SD_00814,authentic/SD_00814_authentic.jpg,manipulated/SD_00814_compression.jpg,compression,"[0, 0, 700, 455]",Kabir Singh,Singh,Kabir,19870811,2015-10-18,2020-11-07,T9140388,GBR,M,train
SD_00815,authentic/SD_00815_authentic.jpg,manipulated/SD_00815_mixed.jpg,mixed,"[45, 100, 650, 250]",Meera Joshi,Joshi,Meera,19700507,2014-03-10,2019-01-21,U6157276,AUS,M,train
SD_00816,authentic/SD_00816_authentic.jpg,manipulated/SD_00816_text_change.jpg,text_change,"[205, 150, 650, 173]",Sara Singh,Singh,Sara,19900515,2011-05-07,2021-05-06,S2501058,CAN,F,train
SD_00817,authentic/SD_00817_authentic.jpg,manipulated/SD_00817_photo_change.jpg,photo_change,"[45, 100, 165, 250]",Kabir Nair,Nair,Kabir,19940121,2020-07-21,2030-07-06,K9045990,AUS,M,train
SD_00818,authentic/SD_00818_authentic.jpg,manipulated/SD_00818_number_change.jpg,number_change,"[205, 188, 650, 211]",Kabir Kapoor,Kapoor,Kabir,19740205,2024-03-04,2029-12-08,C5551651,CAN,F,train
SD_00819,authentic/SD_00819_authentic.jpg,manipulated/SD_00819_date_change.jpg,date_change,"[205, 264, 650, 287]",Vivaan Iyer,Iyer,Vivaan,19960723,2024-03-18,2029-04-15,F1433080,IND,M,train
SD_00820,authentic/SD_00820_authentic.jpg,manipulated/SD_00820_copy_paste.jpg,copy_paste,"[205, 140, 500, 175]",Vivaan Mehta,Mehta,Vivaan,19840317,2012-06-11,2022-11-22,M0847068,IND,M,train
SD_00821,authentic/SD_00821_authentic.jpg,manipulated/SD_00821_clone.jpg,clone,"[430, 270, 580, 305]",Ishaan Desai,Desai,Ishaan,19720419,2013-08-01,2023-12-03,S5826328,IND,F,train
SD_00822,authentic/SD_00822_authentic.jpg,manipulated/SD_00822_compression.jpg,compression,"[0, 0, 700, 455]",Anaya Iyer,Iyer,Anaya,19930706,2019-04-25,2029-06-07,K4614707,AUS,F,train
SD_00823,authentic/SD_00823_authentic.jpg,manipulated/SD_00823_mixed.jpg,mixed,"[45, 100, 650, 250]",Ishaan Verma,Verma,Ishaan,19770726,2010-02-24,2015-04-25,S4394570,SGP,M,train
SD_00824,authentic/SD_00824_authentic.jpg,manipulated/SD_00824_text_change.jpg,text_change,"[205, 150, 650, 173]",Anaya Mehta,Mehta,Anaya,20020501,2020-04-27,2025-06-07,P6576927,CAN,F,test
SD_00825,authentic/SD_00825_authentic.jpg,manipulated/SD_00825_photo_change.jpg,photo_change,"[45, 100, 165, 250]",Neel Patel,Patel,Neel,19760128,2024-01-20,2029-01-09,A4769210,GBR,M,test
SD_00826,authentic/SD_00826_authentic.jpg,manipulated/SD_00826_number_change.jpg,number_change,"[205, 188, 650, 211]",Ishaan Joshi,Joshi,Ishaan,19930514,2012-11-01,2022-01-04,J2473107,USA,M,test
SD_00827,authentic/SD_00827_authentic.jpg,manipulated/SD_00827_date_change.jpg,date_change,"[205, 264, 650, 287]",Arjun Patel,Patel,Arjun,19851023,2017-09-09,2027-01-23,S7123166,IND,M,validation
SD_00828,authentic/SD_00828_authentic.jpg,manipulated/SD_00828_copy_paste.jpg,copy_paste,"[205, 140, 500, 175]",Sara Joshi,Joshi,Sara,19811002,2010-11-03,2020-12-10,X7340433,SGP,F,test
SD_00829,authentic/SD_00829_authentic.jpg,manipulated/SD_00829_clone.jpg,clone,"[430, 270, 580, 305]",Aarav Kulkarni,Kulkarni,Aarav,19721027,2023-07-18,2033-04-23,X0451957,CAN,M,train
SD_00830,authentic/SD_00830_authentic.jpg,manipulated/SD_00830_compression.jpg,compression,"[0, 0, 700, 455]",Ira Kulkarni,Kulkarni,Ira,19930918,2022-03-11,2032-07-06,S6575427,SGP,F,validation
SD_00831,authentic/SD_00831_authentic.jpg,manipulated/SD_00831_mixed.jpg,mixed,"[45, 100, 650, 250]",Ira Joshi,Joshi,Ira,19750505,2019-06-12,2029-08-25,R2058295,AUS,M,validation
SD_00832,authentic/SD_00832_authentic.jpg,manipulated/SD_00832_text_change.jpg,text_change,"[205, 150, 650, 173]",Kabir Malhotra,Malhotra,Kabir,19831213,2023-02-27,2033-02-17,R0819048,SGP,M,train
SD_00833,authentic/SD_00833_authentic.jpg,manipulated/SD_00833_photo_change.jpg,photo_change,"[45, 100, 165, 250]",Neel Kulkarni,Kulkarni,Neel,19910211,2017-12-27,2027-09-13,Q6395613,SGP,F,train
SD_00834,authentic/SD_00834_authentic.jpg,manipulated/SD_00834_number_change.jpg,number_change,"[205, 188, 650, 211]",Kabir Malhotra,Malhotra,Kabir,19820126,2021-09-26,2026-08-05,C4364381,USA,M,validation
SD_00835,authentic/SD_00835_authentic.jpg,manipulated/SD_00835_date_change.jpg,date_change,"[205, 264, 650, 287]",Aarav Sharma,Sharma,Aarav,19880406,2011-11-03,2016-05-15,D6560945,CAN,F,train
SD_00836,authentic/SD_00836_authentic.jpg,manipulated/SD_00836_copy_paste.jpg,copy_paste,"[205, 140, 500, 175]",Kiara Desai,Desai,Kiara,20001019,2023-01-22,2033-01-16,K5047681,CAN,F,train
SD_00837,authentic/SD_00837_authentic.jpg,manipulated/SD_00837_clone.jpg,clone,"[430, 270, 580, 305]",Tara Sharma,Sharma,Tara,19940825,2012-02-16,2022-09-03,C3176539,CAN,M,train
SD_00838,authentic/SD_00838_authentic.jpg,manipulated/SD_00838_compression.jpg,compression,"[0, 0, 700, 455]",Diya Rao,Rao,Diya,19981014,2019-02-01,2024-10-28,V0871827,GBR,F,train
SD_00839,authentic/SD_00839_authentic.jpg,manipulated/SD_00839_mixed.jpg,mixed,"[45, 100, 650, 250]",Vivaan Rao,Rao,Vivaan,19770916,2021-03-15,2031-03-02,J9561213,CAN,F,train
SD_00840,authentic/SD_00840_authentic.jpg,manipulated/SD_00840_text_change.jpg,text_change,"[205, 150, 650, 173]",Neel Sharma,Sharma,Neel,19941226,2024-11-06,2034-01-10,F3597371,IND,M,train
SD_00841,authentic/SD_00841_authentic.jpg,manipulated/SD_00841_photo_change.jpg,photo_change,"[45, 100, 165, 250]",Kabir Verma,Verma,Kabir,19710812,2017-12-14,2022-12-17,W5816704,CAN,F,test
SD_00842,authentic/SD_00842_authentic.jpg,manipulated/SD_00842_number_change.jpg,number_change,"[205, 188, 650, 211]",Aditya Patel,Patel,Aditya,19751112,2014-08-13,2019-03-04,A2192378,GBR,F,train
SD_00843,authentic/SD_00843_authentic.jpg,manipulated/SD_00843_date_change.jpg,date_change,"[205, 264, 650, 287]",Tara Patel,Patel,Tara,19810704,2019-09-02,2024-04-05,J2605080,IND,F,train
SD_00844,authentic/SD_00844_authentic.jpg,manipulated/SD_00844_copy_paste.jpg,copy_paste,"[205, 140, 500, 175]",Aarav Rao,Rao,Aarav,19780428,2015-08-26,2020-04-22,P7731268,SGP,M,validation
SD_00845,authentic/SD_00845_authentic.jpg,manipulated/SD_00845_clone.jpg,clone,"[430, 270, 580, 305]",Kabir Kulkarni,Kulkarni,Kabir,19780905,2023-02-16,2028-10-06,H6534606,IND,F,train
SD_00846,authentic/SD_00846_authentic.jpg,manipulated/SD_00846_compression.jpg,compression,"[0, 0, 700, 455]",Meera Sharma,Sharma,Meera,19821212,2020-07-15,2025-12-05,P9862398,GBR,F,train
SD_00847,authentic/SD_00847_authentic.jpg,manipulated/SD_00847_mixed.jpg,mixed,"[45, 100, 650, 250]",Aditya Joshi,Joshi,Aditya,19710218,2016-02-23,2021-11-02,L4647548,AUS,F,train
SD_00848,authentic/SD_00848_authentic.jpg,manipulated/SD_00848_text_change.jpg,text_change,"[205, 150, 650, 173]",Aadhya Malhotra,Malhotra,Aadhya,20000813,2022-12-19,2027-08-11,C7588914,SGP,F,train
SD_00849,authentic/SD_00849_authentic.jpg,manipulated/SD_00849_photo_change.jpg,photo_change,"[45, 100, 165, 250]",Anaya Malhotra,Malhotra,Anaya,19880908,2019-06-11,2024-10-07,L4358644,AUS,F,test
SD_00850,authentic/SD_00850_authentic.jpg,manipulated/SD_00850_number_change.jpg,number_change,"[205, 188, 650, 211]",Ishaan Singh,Singh,Ishaan,19781210,2022-04-22,2032-12-18,R5379821,SGP,F,train
SD_00851,authentic/SD_00851_authentic.jpg,manipulated/SD_00851_date_change.jpg,date_change,"[205, 264, 650, 287]",Neel Mehta,Mehta,Neel,19911126,2012-08-12,2017-07-16,W4978524,AUS,M,train
SD_00852,authentic/SD_00852_authentic.jpg,manipulated/SD_00852_copy_paste.jpg,copy_paste,"[205, 140, 500, 175]",Meera Malhotra,Malhotra,Meera,19950207,2013-05-16,2023-09-19,I8963406,SGP,F,train
SD_00853,authentic/SD_00853_authentic.jpg,manipulated/SD_00853_clone.jpg,clone,"[430, 270, 580, 305]",Arjun Kapoor,Kapoor,Arjun,19970604,2021-03-06,2026-06-25,Z0014188,GBR,M,train
SD_00854,authentic/SD_00854_authentic.jpg,manipulated/SD_00854_compression.jpg,compression,"[0, 0, 700, 455]",Arjun Bose,Bose,Arjun,19970122,2018-10-02,2023-02-11,T4463339,AUS,F,test
SD_00855,authentic/SD_00855_authentic.jpg,manipulated/SD_00855_mixed.jpg,mixed,"[45, 100, 650, 250]",Ira Malhotra,Malhotra,Ira,19850118,2012-10-11,2017-03-26,M3890219,SGP,F,validation
SD_00856,authentic/SD_00856_authentic.jpg,manipulated/SD_00856_text_change.jpg,text_change,"[205, 150, 650, 173]",Tara Patel,Patel,Tara,19760708,2013-04-15,2018-03-08,I1034699,CAN,F,train
SD_00857,authentic/SD_00857_authentic.jpg,manipulated/SD_00857_photo_change.jpg,photo_change,"[45, 100, 165, 250]",Ishaan Mehta,Mehta,Ishaan,19760214,2023-12-15,2033-03-24,M9608437,CAN,F,train
SD_00858,authentic/SD_00858_authentic.jpg,manipulated/SD_00858_number_change.jpg,number_change,"[205, 188, 650, 211]",Diya Sharma,Sharma,Diya,20011013,2023-08-20,2028-06-05,W1962633,GBR,F,train
SD_00859,authentic/SD_00859_authentic.jpg,manipulated/SD_00859_date_change.jpg,date_change,"[205, 264, 650, 287]",Meera Rao,Rao,Meera,19850508,2021-07-20,2031-01-22,S3170695,GBR,F,train
SD_00860,authentic/SD_00860_authentic.jpg,manipulated/SD_00860_copy_paste.jpg,copy_paste,"[205, 140, 500, 175]",Kiara Bose,Bose,Kiara,19980214,2022-05-12,2027-05-12,I7223989,AUS,M,train
SD_00861,authentic/SD_00861_authentic.jpg,manipulated/SD_00861_clone.jpg,clone,"[430, 270, 580, 305]",Vivaan Joshi,Joshi,Vivaan,19930403,2011-12-06,2016-10-23,R0418472,GBR,M,train
SD_00862,authentic/SD_00862_authentic.jpg,manipulated/SD_00862_compression.jpg,compression,"[0, 0, 700, 455]",Kiara Rao,Rao,Kiara,19810710,2013-03-17,2018-04-28,C9092487,CAN,M,train
SD_00863,authentic/SD_00863_authentic.jpg,manipulated/SD_00863_mixed.jpg,mixed,"[45, 100, 650, 250]",Neel Sharma,Sharma,Neel,19821203,2019-02-25,2024-05-27,Z2817852,USA,M,test
SD_00864,authentic/SD_00864_authentic.jpg,manipulated/SD_00864_text_change.jpg,text_change,"[205, 150, 650, 173]",Neel Singh,Singh,Neel,19700325,2015-05-17,2020-09-17,B6220722,USA,F,train
SD_00865,authentic/SD_00865_authentic.jpg,manipulated/SD_00865_photo_change.jpg,photo_change,"[45, 100, 165, 250]",Anaya Kapoor,Kapoor,Anaya,19850323,2017-02-23,2022-03-21,T0162047,AUS,F,validation
SD_00866,authentic/SD_00866_authentic.jpg,manipulated/SD_00866_number_change.jpg,number_change,"[205, 188, 650, 211]",Meera Iyer,Iyer,Meera,20040717,2024-08-21,2034-10-19,W6486287,USA,M,validation
SD_00867,authentic/SD_00867_authentic.jpg,manipulated/SD_00867_date_change.jpg,date_change,"[205, 264, 650, 287]",Ishaan Patel,Patel,Ishaan,19930504,2024-10-14,2034-07-10,L0573036,SGP,M,test
SD_00868,authentic/SD_00868_authentic.jpg,manipulated/SD_00868_copy_paste.jpg,copy_paste,"[205, 140, 500, 175]",Kabir Kulkarni,Kulkarni,Kabir,19890405,2016-01-08,2026-05-16,M7753726,IND,M,train
SD_00869,authentic/SD_00869_authentic.jpg,manipulated/SD_00869_clone.jpg,clone,"[430, 270, 580, 305]",Kabir Kulkarni,Kulkarni,Kabir,19760602,2014-06-15,2024-11-28,N1945887,IND,F,train
SD_00870,authentic/SD_00870_authentic.jpg,manipulated/SD_00870_compression.jpg,compression,"[0, 0, 700, 455]",Aditya Nair,Nair,Aditya,19910517,2013-03-01,2018-03-24,W8400838,GBR,M,train
SD_00871,authentic/SD_00871_authentic.jpg,manipulated/SD_00871_mixed.jpg,mixed,"[45, 100, 650, 250]",Sara Joshi,Joshi,Sara,19911015,2022-06-20,2032-05-12,B8917768,IND,M,train
SD_00872,authentic/SD_00872_authentic.jpg,manipulated/SD_00872_text_change.jpg,text_change,"[205, 150, 650, 173]",Kabir Malhotra,Malhotra,Kabir,19941123,2017-08-24,2027-03-05,Y3196463,IND,M,validation
SD_00873,authentic/SD_00873_authentic.jpg,manipulated/SD_00873_photo_change.jpg,photo_change,"[45, 100, 165, 250]",Aadhya Sharma,Sharma,Aadhya,19780719,2013-04-14,2018-07-18,S4301204,SGP,F,train
SD_00874,authentic/SD_00874_authentic.jpg,manipulated/SD_00874_number_change.jpg,number_change,"[205, 188, 650, 211]",Aditya Mehta,Mehta,Aditya,19991116,2019-02-03,2029-06-20,X5749885,SGP,F,validation
SD_00875,authentic/SD_00875_authentic.jpg,manipulated/SD_00875_date_change.jpg,date_change,"[205, 264, 650, 287]",Kabir Kulkarni,Kulkarni,Kabir,20031025,2023-04-08,2028-07-16,I5847609,GBR,F,test
SD_00876,authentic/SD_00876_authentic.jpg,manipulated/SD_00876_copy_paste.jpg,copy_paste,"[205, 140, 500, 175]",Neel Malhotra,Malhotra,Neel,19840415,2024-03-04,2034-07-24,M6954132,AUS,F,train
SD_00877,authentic/SD_00877_authentic.jpg,manipulated/SD_00877_clone.jpg,clone,"[430, 270, 580, 305]",Aditya Singh,Singh,Aditya,19900114,2024-07-27,2034-03-14,P0551437,CAN,F,train
SD_00878,authentic/SD_00878_authentic.jpg,manipulated/SD_00878_compression.jpg,compression,"[0, 0, 700, 455]",Ishaan Joshi,Joshi,Ishaan,19970508,2018-10-26,2023-06-06,T5961111,SGP,M,train
SD_00879,authentic/SD_00879_authentic.jpg,manipulated/SD_00879_mixed.jpg,mixed,"[45, 100, 650, 250]",Kabir Iyer,Iyer,Kabir,19970226,2022-12-21,2027-01-01,P2024559,IND,M,train
SD_00880,authentic/SD_00880_authentic.jpg,manipulated/SD_00880_text_change.jpg,text_change,"[205, 150, 650, 173]",Rohan Rao,Rao,Rohan,19910119,2011-02-02,2016-04-26,F6714949,AUS,M,train
SD_00881,authentic/SD_00881_authentic.jpg,manipulated/SD_00881_photo_change.jpg,photo_change,"[45, 100, 165, 250]",Aadhya Verma,Verma,Aadhya,19741028,2017-05-06,2022-08-20,H4065277,GBR,F,validation
SD_00882,authentic/SD_00882_authentic.jpg,manipulated/SD_00882_number_change.jpg,number_change,"[205, 188, 650, 211]",Aadhya Kulkarni,Kulkarni,Aadhya,19950426,2019-05-22,2029-04-08,O2201091,USA,M,test
SD_00883,authentic/SD_00883_authentic.jpg,manipulated/SD_00883_date_change.jpg,date_change,"[205, 264, 650, 287]",Sara Verma,Verma,Sara,19790210,2021-06-23,2031-10-08,W7661894,SGP,M,train
SD_00884,authentic/SD_00884_authentic.jpg,manipulated/SD_00884_copy_paste.jpg,copy_paste,"[205, 140, 500, 175]",Ira Verma,Verma,Ira,19950603,2016-01-02,2026-07-06,P7657256,SGP,F,train
SD_00885,authentic/SD_00885_authentic.jpg,manipulated/SD_00885_clone.jpg,clone,"[430, 270, 580, 305]",Rohan Sharma,Sharma,Rohan,19800703,2014-08-11,2019-01-05,H8974326,IND,M,train
SD_00886,authentic/SD_00886_authentic.jpg,manipulated/SD_00886_compression.jpg,compression,"[0, 0, 700, 455]",Ira Bose,Bose,Ira,19911012,2022-06-01,2027-08-25,Q3325848,CAN,M,train
SD_00887,authentic/SD_00887_authentic.jpg,manipulated/SD_00887_mixed.jpg,mixed,"[45, 100, 650, 250]",Kiara Singh,Singh,Kiara,19721219,2017-09-10,2027-01-10,K0691767,AUS,M,test
SD_00888,authentic/SD_00888_authentic.jpg,manipulated/SD_00888_text_change.jpg,text_change,"[205, 150, 650, 173]",Diya Malhotra,Malhotra,Diya,19840510,2017-11-28,2022-04-22,S4640830,USA,F,train
SD_00889,authentic/SD_00889_authentic.jpg,manipulated/SD_00889_photo_change.jpg,photo_change,"[45, 100, 165, 250]",Neel Joshi,Joshi,Neel,19700103,2016-05-18,2026-01-17,X4907938,SGP,F,train
SD_00890,authentic/SD_00890_authentic.jpg,manipulated/SD_00890_number_change.jpg,number_change,"[205, 188, 650, 211]",Arjun Malhotra,Malhotra,Arjun,19850718,2024-12-11,2029-09-21,G0615370,IND,M,test
SD_00891,authentic/SD_00891_authentic.jpg,manipulated/SD_00891_date_change.jpg,date_change,"[205, 264, 650, 287]",Anaya Verma,Verma,Anaya,19880514,2020-03-14,2025-12-06,L1448811,USA,M,train
SD_00892,authentic/SD_00892_authentic.jpg,manipulated/SD_00892_copy_paste.jpg,copy_paste,"[205, 140, 500, 175]",Aditya Singh,Singh,Aditya,19870225,2012-08-11,2017-09-25,Y8781794,IND,F,train
SD_00893,authentic/SD_00893_authentic.jpg,manipulated/SD_00893_clone.jpg,clone,"[430, 270, 580, 305]",Aditya Nair,Nair,Aditya,19810418,2016-05-24,2021-10-26,Z1122528,SGP,M,train
SD_00894,authentic/SD_00894_authentic.jpg,manipulated/SD_00894_compression.jpg,compression,"[0, 0, 700, 455]",Tara Singh,Singh,Tara,19920628,2010-07-26,2020-02-26,Q6323979,SGP,M,validation
SD_00895,authentic/SD_00895_authentic.jpg,manipulated/SD_00895_mixed.jpg,mixed,"[45, 100, 650, 250]",Neel Malhotra,Malhotra,Neel,20010813,2023-06-21,2033-04-02,B7309505,SGP,F,train
SD_00896,authentic/SD_00896_authentic.jpg,manipulated/SD_00896_text_change.jpg,text_change,"[205, 150, 650, 173]",Kiara Bose,Bose,Kiara,19700803,2015-03-27,2020-10-17,R1927788,SGP,F,train
SD_00897,authentic/SD_00897_authentic.jpg,manipulated/SD_00897_photo_change.jpg,photo_change,"[45, 100, 165, 250]",Arjun Desai,Desai,Arjun,19721111,2022-04-10,2032-05-02,D0424624,GBR,F,train
SD_00898,authentic/SD_00898_authentic.jpg,manipulated/SD_00898_number_change.jpg,number_change,"[205, 188, 650, 211]",Aditya Iyer,Iyer,Aditya,19930810,2012-12-10,2022-01-01,J5212899,IND,F,train
SD_00899,authentic/SD_00899_authentic.jpg,manipulated/SD_00899_date_change.jpg,date_change,"[205, 264, 650, 287]",Arjun Patel,Patel,Arjun,19860611,2022-02-06,2027-10-26,C3044881,SGP,F,validation
SD_00900,authentic/SD_00900_authentic.jpg,manipulated/SD_00900_copy_paste.jpg,copy_paste,"[205, 140, 500, 175]",Arjun Joshi,Joshi,Arjun,19720703,2014-11-11,2024-12-02,E1190170,CAN,F,train
SD_00901,authentic/SD_00901_authentic.jpg,manipulated/SD_00901_clone.jpg,clone,"[430, 270, 580, 305]",Meera Iyer,Iyer,Meera,19760319,2014-09-26,2019-02-11,F2910732,USA,M,train
SD_00902,authentic/SD_00902_authentic.jpg,manipulated/SD_00902_compression.jpg,compression,"[0, 0, 700, 455]",Kiara Sharma,Sharma,Kiara,20031026,2023-12-25,2028-08-18,H0639638,GBR,F,train
SD_00903,authentic/SD_00903_authentic.jpg,manipulated/SD_00903_mixed.jpg,mixed,"[45, 100, 650, 250]",Kabir Joshi,Joshi,Kabir,19960509,2023-04-20,2028-12-14,I9701693,SGP,F,train
SD_00904,authentic/SD_00904_authentic.jpg,manipulated/SD_00904_text_change.jpg,text_change,"[205, 150, 650, 173]",Kabir Desai,Desai,Kabir,19811119,2023-02-22,2028-03-23,B3301623,GBR,M,train
SD_00905,authentic/SD_00905_authentic.jpg,manipulated/SD_00905_photo_change.jpg,photo_change,"[45, 100, 165, 250]",Aarav Kulkarni,Kulkarni,Aarav,19830227,2021-12-01,2031-02-11,G7221556,CAN,F,train
SD_00906,authentic/SD_00906_authentic.jpg,manipulated/SD_00906_number_change.jpg,number_change,"[205, 188, 650, 211]",Sara Kulkarni,Kulkarni,Sara,19821105,2023-04-13,2033-04-28,V3774604,IND,F,test
SD_00907,authentic/SD_00907_authentic.jpg,manipulated/SD_00907_date_change.jpg,date_change,"[205, 264, 650, 287]",Sara Verma,Verma,Sara,19730124,2022-08-17,2032-04-14,D4244260,CAN,M,test
SD_00908,authentic/SD_00908_authentic.jpg,manipulated/SD_00908_copy_paste.jpg,copy_paste,"[205, 140, 500, 175]",Ira Rao,Rao,Ira,19840423,2017-05-27,2027-07-09,F7372037,CAN,M,validation
SD_00909,authentic/SD_00909_authentic.jpg,manipulated/SD_00909_clone.jpg,clone,"[430, 270, 580, 305]",Kabir Patel,Patel,Kabir,19870617,2021-05-23,2026-05-28,V8460191,USA,F,train
SD_00910,authentic/SD_00910_authentic.jpg,manipulated/SD_00910_compression.jpg,compression,"[0, 0, 700, 455]",Anaya Singh,Singh,Anaya,19851118,2022-10-19,2027-11-16,Q0205869,GBR,M,train
SD_00911,authentic/SD_00911_authentic.jpg,manipulated/SD_00911_mixed.jpg,mixed,"[45, 100, 650, 250]",Tara Mehta,Mehta,Tara,19811210,2011-12-25,2021-05-23,Z4936999,GBR,M,train
SD_00912,authentic/SD_00912_authentic.jpg,manipulated/SD_00912_text_change.jpg,text_change,"[205, 150, 650, 173]",Meera Kapoor,Kapoor,Meera,19820411,2024-01-28,2034-06-16,Y3857368,IND,M,train
SD_00913,authentic/SD_00913_authentic.jpg,manipulated/SD_00913_photo_change.jpg,photo_change,"[45, 100, 165, 250]",Arjun Desai,Desai,Arjun,19780728,2013-01-07,2023-07-18,X1187233,USA,F,test
SD_00914,authentic/SD_00914_authentic.jpg,manipulated/SD_00914_number_change.jpg,number_change,"[205, 188, 650, 211]",Arjun Sharma,Sharma,Arjun,19861014,2010-02-09,2020-04-03,K3911498,SGP,M,train
SD_00915,authentic/SD_00915_authentic.jpg,manipulated/SD_00915_date_change.jpg,date_change,"[205, 264, 650, 287]",Vivaan Kapoor,Kapoor,Vivaan,19870322,2018-12-24,2023-08-27,G6511893,AUS,F,train
SD_00916,authentic/SD_00916_authentic.jpg,manipulated/SD_00916_copy_paste.jpg,copy_paste,"[205, 140, 500, 175]",Ira Nair,Nair,Ira,19981206,2024-01-24,2029-11-19,A4322302,USA,M,train
SD_00917,authentic/SD_00917_authentic.jpg,manipulated/SD_00917_clone.jpg,clone,"[430, 270, 580, 305]",Ishaan Verma,Verma,Ishaan,19880122,2017-08-08,2022-01-04,X3546212,CAN,F,train
SD_00918,authentic/SD_00918_authentic.jpg,manipulated/SD_00918_compression.jpg,compression,"[0, 0, 700, 455]",Aarav Verma,Verma,Aarav,19930906,2011-11-27,2021-02-03,Y2312616,USA,M,train
SD_00919,authentic/SD_00919_authentic.jpg,manipulated/SD_00919_mixed.jpg,mixed,"[45, 100, 650, 250]",Anaya Bose,Bose,Anaya,20030806,2023-10-18,2028-08-14,F9745493,SGP,M,train
SD_00920,authentic/SD_00920_authentic.jpg,manipulated/SD_00920_text_change.jpg,text_change,"[205, 150, 650, 173]",Ishaan Joshi,Joshi,Ishaan,19880915,2016-02-28,2021-12-05,B3818769,SGP,M,train
SD_00921,authentic/SD_00921_authentic.jpg,manipulated/SD_00921_photo_change.jpg,photo_change,"[45, 100, 165, 250]",Vivaan Iyer,Iyer,Vivaan,19810426,2018-03-08,2023-09-28,T8138815,AUS,M,train
SD_00922,authentic/SD_00922_authentic.jpg,manipulated/SD_00922_number_change.jpg,number_change,"[205, 188, 650, 211]",Anaya Rao,Rao,Anaya,19910327,2018-03-02,2028-08-28,G2318297,IND,F,train
SD_00923,authentic/SD_00923_authentic.jpg,manipulated/SD_00923_date_change.jpg,date_change,"[205, 264, 650, 287]",Aditya Bose,Bose,Aditya,19900322,2017-05-28,2027-01-02,Y0000152,SGP,M,train
SD_00924,authentic/SD_00924_authentic.jpg,manipulated/SD_00924_copy_paste.jpg,copy_paste,"[205, 140, 500, 175]",Tara Singh,Singh,Tara,19760921,2017-06-02,2022-12-05,L5618444,USA,M,train
SD_00925,authentic/SD_00925_authentic.jpg,manipulated/SD_00925_clone.jpg,clone,"[430, 270, 580, 305]",Kabir Desai,Desai,Kabir,20040516,2023-09-25,2028-03-06,Y4890567,IND,F,validation
SD_00926,authentic/SD_00926_authentic.jpg,manipulated/SD_00926_compression.jpg,compression,"[0, 0, 700, 455]",Sara Sharma,Sharma,Sara,19720101,2019-11-09,2024-07-12,U5158482,CAN,F,train
SD_00927,authentic/SD_00927_authentic.jpg,manipulated/SD_00927_mixed.jpg,mixed,"[45, 100, 650, 250]",Arjun Mehta,Mehta,Arjun,19960517,2016-04-11,2026-11-02,L4296080,SGP,F,train
SD_00928,authentic/SD_00928_authentic.jpg,manipulated/SD_00928_text_change.jpg,text_change,"[205, 150, 650, 173]",Vivaan Joshi,Joshi,Vivaan,19830720,2013-10-18,2023-10-12,Z0982210,GBR,M,train
SD_00929,authentic/SD_00929_authentic.jpg,manipulated/SD_00929_photo_change.jpg,photo_change,"[45, 100, 165, 250]",Arjun Malhotra,Malhotra,Arjun,19950904,2017-09-17,2022-05-21,X4287738,USA,F,train
SD_00930,authentic/SD_00930_authentic.jpg,manipulated/SD_00930_number_change.jpg,number_change,"[205, 188, 650, 211]",Ishaan Iyer,Iyer,Ishaan,19740508,2016-03-22,2021-03-23,M9428946,GBR,M,validation
SD_00931,authentic/SD_00931_authentic.jpg,manipulated/SD_00931_date_change.jpg,date_change,"[205, 264, 650, 287]",Aarav Mehta,Mehta,Aarav,19960624,2016-12-28,2026-04-04,J4170646,USA,F,validation
SD_00932,authentic/SD_00932_authentic.jpg,manipulated/SD_00932_copy_paste.jpg,copy_paste,"[205, 140, 500, 175]",Vivaan Verma,Verma,Vivaan,19951222,2016-06-11,2021-05-07,X0176464,GBR,M,train
SD_00933,authentic/SD_00933_authentic.jpg,manipulated/SD_00933_clone.jpg,clone,"[430, 270, 580, 305]",Neel Bose,Bose,Neel,19760418,2015-12-17,2020-05-11,X2790504,SGP,M,validation
SD_00934,authentic/SD_00934_authentic.jpg,manipulated/SD_00934_compression.jpg,compression,"[0, 0, 700, 455]",Aadhya Mehta,Mehta,Aadhya,19830407,2024-06-07,2034-10-11,W1632111,SGP,F,train
SD_00935,authentic/SD_00935_authentic.jpg,manipulated/SD_00935_mixed.jpg,mixed,"[45, 100, 650, 250]",Sara Bose,Bose,Sara,19770120,2018-04-08,2023-11-22,G7326530,CAN,M,train
SD_00936,authentic/SD_00936_authentic.jpg,manipulated/SD_00936_text_change.jpg,text_change,"[205, 150, 650, 173]",Aditya Patel,Patel,Aditya,20020613,2023-02-15,2033-09-24,Q0023009,IND,F,validation
SD_00937,authentic/SD_00937_authentic.jpg,manipulated/SD_00937_photo_change.jpg,photo_change,"[45, 100, 165, 250]",Kiara Patel,Patel,Kiara,19781017,2023-01-08,2033-06-16,U7449160,AUS,M,train
SD_00938,authentic/SD_00938_authentic.jpg,manipulated/SD_00938_number_change.jpg,number_change,"[205, 188, 650, 211]",Meera Nair,Nair,Meera,19920103,2012-05-20,2017-02-28,Q9418433,CAN,F,validation
SD_00939,authentic/SD_00939_authentic.jpg,manipulated/SD_00939_date_change.jpg,date_change,"[205, 264, 650, 287]",Diya Malhotra,Malhotra,Diya,19710325,2019-07-07,2024-12-06,G9982137,GBR,F,train
SD_00940,authentic/SD_00940_authentic.jpg,manipulated/SD_00940_copy_paste.jpg,copy_paste,"[205, 140, 500, 175]",Aditya Patel,Patel,Aditya,19860123,2024-12-28,2034-03-17,R6050537,CAN,F,train
SD_00941,authentic/SD_00941_authentic.jpg,manipulated/SD_00941_clone.jpg,clone,"[430, 270, 580, 305]",Kiara Singh,Singh,Kiara,19721204,2018-02-24,2023-07-25,A0308356,CAN,M,train
SD_00942,authentic/SD_00942_authentic.jpg,manipulated/SD_00942_compression.jpg,compression,"[0, 0, 700, 455]",Aarav Joshi,Joshi,Aarav,19790803,2020-06-24,2025-02-06,Y3455068,AUS,M,train
SD_00943,authentic/SD_00943_authentic.jpg,manipulated/SD_00943_mixed.jpg,mixed,"[45, 100, 650, 250]",Kiara Desai,Desai,Kiara,19761128,2017-08-14,2022-10-07,Q4401348,IND,F,train
SD_00944,authentic/SD_00944_authentic.jpg,manipulated/SD_00944_text_change.jpg,text_change,"[205, 150, 650, 173]",Ishaan Nair,Nair,Ishaan,19890828,2013-11-18,2018-07-02,G3591015,CAN,M,train
SD_00945,authentic/SD_00945_authentic.jpg,manipulated/SD_00945_photo_change.jpg,photo_change,"[45, 100, 165, 250]",Vivaan Iyer,Iyer,Vivaan,19931023,2020-02-26,2030-05-19,F0749269,SGP,F,train
SD_00946,authentic/SD_00946_authentic.jpg,manipulated/SD_00946_number_change.jpg,number_change,"[205, 188, 650, 211]",Meera Malhotra,Malhotra,Meera,19880921,2023-10-25,2033-02-17,J2859693,USA,F,validation
SD_00947,authentic/SD_00947_authentic.jpg,manipulated/SD_00947_date_change.jpg,date_change,"[205, 264, 650, 287]",Arjun Rao,Rao,Arjun,19710910,2022-10-20,2027-03-07,D2342669,AUS,M,test
SD_00948,authentic/SD_00948_authentic.jpg,manipulated/SD_00948_copy_paste.jpg,copy_paste,"[205, 140, 500, 175]",Aarav Iyer,Iyer,Aarav,20000721,2019-02-15,2029-01-21,O2348389,USA,F,train
SD_00949,authentic/SD_00949_authentic.jpg,manipulated/SD_00949_clone.jpg,clone,"[430, 270, 580, 305]",Ira Kulkarni,Kulkarni,Ira,19850905,2024-11-18,2029-05-27,A5612996,GBR,M,train
SD_00950,authentic/SD_00950_authentic.jpg,manipulated/SD_00950_compression.jpg,compression,"[0, 0, 700, 455]",Kabir Joshi,Joshi,Kabir,19921105,2018-07-22,2028-02-26,R6965613,IND,F,train
SD_00951,authentic/SD_00951_authentic.jpg,manipulated/SD_00951_mixed.jpg,mixed,"[45, 100, 650, 250]",Kiara Patel,Patel,Kiara,19790426,2022-09-11,2032-02-09,G4682394,AUS,F,train
SD_00952,authentic/SD_00952_authentic.jpg,manipulated/SD_00952_text_change.jpg,text_change,"[205, 150, 650, 173]",Vivaan Malhotra,Malhotra,Vivaan,19710316,2023-04-01,2028-11-28,Q6966101,CAN,M,train
SD_00953,authentic/SD_00953_authentic.jpg,manipulated/SD_00953_photo_change.jpg,photo_change,"[45, 100, 165, 250]",Aditya Patel,Patel,Aditya,19821011,2023-01-02,2028-07-17,B9414915,IND,F,train
SD_00954,authentic/SD_00954_authentic.jpg,manipulated/SD_00954_number_change.jpg,number_change,"[205, 188, 650, 211]",Kiara Singh,Singh,Kiara,19811117,2023-04-28,2033-11-14,U2053440,CAN,F,test
SD_00955,authentic/SD_00955_authentic.jpg,manipulated/SD_00955_date_change.jpg,date_change,"[205, 264, 650, 287]",Sara Desai,Desai,Sara,19880302,2016-12-15,2021-12-13,Y6292508,IND,F,validation
SD_00956,authentic/SD_00956_authentic.jpg,manipulated/SD_00956_copy_paste.jpg,copy_paste,"[205, 140, 500, 175]",Vivaan Verma,Verma,Vivaan,19740501,2022-07-17,2032-02-07,G3731255,SGP,M,validation
SD_00957,authentic/SD_00957_authentic.jpg,manipulated/SD_00957_clone.jpg,clone,"[430, 270, 580, 305]",Ishaan Nair,Nair,Ishaan,19950818,2014-02-15,2019-04-28,F1192061,USA,F,train
SD_00958,authentic/SD_00958_authentic.jpg,manipulated/SD_00958_compression.jpg,compression,"[0, 0, 700, 455]",Neel Malhotra,Malhotra,Neel,20020315,2022-08-18,2032-07-04,G3718444,AUS,M,validation
SD_00959,authentic/SD_00959_authentic.jpg,manipulated/SD_00959_mixed.jpg,mixed,"[45, 100, 650, 250]",Rohan Malhotra,Malhotra,Rohan,19900328,2010-07-10,2015-02-14,I4037341,CAN,F,train
SD_00960,authentic/SD_00960_authentic.jpg,manipulated/SD_00960_text_change.jpg,text_change,"[205, 150, 650, 173]",Arjun Verma,Verma,Arjun,19991117,2024-03-06,2029-01-27,F1798213,GBR,F,train
SD_00961,authentic/SD_00961_authentic.jpg,manipulated/SD_00961_photo_change.jpg,photo_change,"[45, 100, 165, 250]",Rohan Desai,Desai,Rohan,20041227,2023-08-26,2033-04-25,N3831828,SGP,F,train
SD_00962,authentic/SD_00962_authentic.jpg,manipulated/SD_00962_number_change.jpg,number_change,"[205, 188, 650, 211]",Kiara Sharma,Sharma,Kiara,19911025,2013-08-24,2018-08-26,W9866177,SGP,M,train
SD_00963,authentic/SD_00963_authentic.jpg,manipulated/SD_00963_date_change.jpg,date_change,"[205, 264, 650, 287]",Meera Malhotra,Malhotra,Meera,20010717,2020-03-28,2025-06-25,A6821223,SGP,F,validation
SD_00964,authentic/SD_00964_authentic.jpg,manipulated/SD_00964_copy_paste.jpg,copy_paste,"[205, 140, 500, 175]",Aditya Joshi,Joshi,Aditya,19930618,2011-08-04,2021-07-19,E1821925,AUS,F,test
SD_00965,authentic/SD_00965_authentic.jpg,manipulated/SD_00965_clone.jpg,clone,"[430, 270, 580, 305]",Sara Singh,Singh,Sara,19721018,2018-11-09,2023-07-20,T8480220,GBR,M,train
SD_00966,authentic/SD_00966_authentic.jpg,manipulated/SD_00966_compression.jpg,compression,"[0, 0, 700, 455]",Neel Kulkarni,Kulkarni,Neel,20041220,2023-12-23,2033-09-10,U2495988,SGP,M,train
SD_00967,authentic/SD_00967_authentic.jpg,manipulated/SD_00967_mixed.jpg,mixed,"[45, 100, 650, 250]",Aditya Rao,Rao,Aditya,19921118,2017-09-15,2022-12-21,O1523867,CAN,F,validation
SD_00968,authentic/SD_00968_authentic.jpg,manipulated/SD_00968_text_change.jpg,text_change,"[205, 150, 650, 173]",Ishaan Iyer,Iyer,Ishaan,19811015,2010-05-13,2015-10-03,X7798768,USA,F,train
SD_00969,authentic/SD_00969_authentic.jpg,manipulated/SD_00969_photo_change.jpg,photo_change,"[45, 100, 165, 250]",Tara Bose,Bose,Tara,19790311,2023-09-19,2028-08-24,B8580623,GBR,M,train
SD_00970,authentic/SD_00970_authentic.jpg,manipulated/SD_00970_number_change.jpg,number_change,"[205, 188, 650, 211]",Anaya Sharma,Sharma,Anaya,19930713,2023-12-20,2033-11-15,S0012482,SGP,F,test
SD_00971,authentic/SD_00971_authentic.jpg,manipulated/SD_00971_date_change.jpg,date_change,"[205, 264, 650, 287]",Ira Rao,Rao,Ira,19860913,2012-08-19,2022-04-05,L9423289,GBR,F,validation
SD_00972,authentic/SD_00972_authentic.jpg,manipulated/SD_00972_copy_paste.jpg,copy_paste,"[205, 140, 500, 175]",Arjun Nair,Nair,Arjun,19950503,2015-11-22,2025-03-18,Y5725629,USA,F,train
SD_00973,authentic/SD_00973_authentic.jpg,manipulated/SD_00973_clone.jpg,clone,"[430, 270, 580, 305]",Neel Malhotra,Malhotra,Neel,19840920,2015-11-12,2020-04-28,Q1865507,AUS,F,validation
SD_00974,authentic/SD_00974_authentic.jpg,manipulated/SD_00974_compression.jpg,compression,"[0, 0, 700, 455]",Meera Malhotra,Malhotra,Meera,19901011,2010-08-25,2020-05-08,A3491891,IND,F,test
SD_00975,authentic/SD_00975_authentic.jpg,manipulated/SD_00975_mixed.jpg,mixed,"[45, 100, 650, 250]",Tara Verma,Verma,Tara,19730927,2013-12-11,2018-05-26,B1536415,GBR,F,train
SD_00976,authentic/SD_00976_authentic.jpg,manipulated/SD_00976_text_change.jpg,text_change,"[205, 150, 650, 173]",Arjun Nair,Nair,Arjun,19900207,2013-12-06,2023-10-07,N7813675,IND,M,train
SD_00977,authentic/SD_00977_authentic.jpg,manipulated/SD_00977_photo_change.jpg,photo_change,"[45, 100, 165, 250]",Anaya Malhotra,Malhotra,Anaya,19791126,2021-02-10,2026-01-25,L2769819,AUS,F,train
SD_00978,authentic/SD_00978_authentic.jpg,manipulated/SD_00978_number_change.jpg,number_change,"[205, 188, 650, 211]",Vivaan Desai,Desai,Vivaan,19780801,2022-05-12,2027-04-28,Q8856225,AUS,F,test
SD_00979,authentic/SD_00979_authentic.jpg,manipulated/SD_00979_date_change.jpg,date_change,"[205, 264, 650, 287]",Kiara Sharma,Sharma,Kiara,19901017,2023-07-26,2033-09-15,I4227585,SGP,F,train
SD_00980,authentic/SD_00980_authentic.jpg,manipulated/SD_00980_copy_paste.jpg,copy_paste,"[205, 140, 500, 175]",Kiara Nair,Nair,Kiara,19901227,2022-10-10,2027-09-05,J9116502,IND,M,train
SD_00981,authentic/SD_00981_authentic.jpg,manipulated/SD_00981_clone.jpg,clone,"[430, 270, 580, 305]",Vivaan Verma,Verma,Vivaan,19891108,2015-10-21,2020-02-08,E1551305,GBR,F,train
SD_00982,authentic/SD_00982_authentic.jpg,manipulated/SD_00982_compression.jpg,compression,"[0, 0, 700, 455]",Vivaan Iyer,Iyer,Vivaan,19831114,2020-09-24,2025-11-04,J4488966,AUS,F,test
SD_00983,authentic/SD_00983_authentic.jpg,manipulated/SD_00983_mixed.jpg,mixed,"[45, 100, 650, 250]",Kabir Kapoor,Kapoor,Kabir,19840821,2016-08-24,2026-11-14,E0258254,USA,M,test
SD_00984,authentic/SD_00984_authentic.jpg,manipulated/SD_00984_text_change.jpg,text_change,"[205, 150, 650, 173]",Ishaan Singh,Singh,Ishaan,19810926,2021-02-24,2026-04-27,C2392049,IND,M,train
SD_00985,authentic/SD_00985_authentic.jpg,manipulated/SD_00985_photo_change.jpg,photo_change,"[45, 100, 165, 250]",Meera Bose,Bose,Meera,19700217,2024-04-14,2034-08-06,G8750827,CAN,M,train
SD_00986,authentic/SD_00986_authentic.jpg,manipulated/SD_00986_number_change.jpg,number_change,"[205, 188, 650, 211]",Sara Verma,Verma,Sara,19810616,2024-08-11,2034-12-12,R4726290,GBR,M,test
SD_00987,authentic/SD_00987_authentic.jpg,manipulated/SD_00987_date_change.jpg,date_change,"[205, 264, 650, 287]",Aditya Iyer,Iyer,Aditya,19991118,2023-04-24,2028-07-02,R2717217,SGP,M,train
SD_00988,authentic/SD_00988_authentic.jpg,manipulated/SD_00988_copy_paste.jpg,copy_paste,"[205, 140, 500, 175]",Ishaan Desai,Desai,Ishaan,19810111,2023-03-06,2028-10-19,T3621659,IND,F,train
SD_00989,authentic/SD_00989_authentic.jpg,manipulated/SD_00989_clone.jpg,clone,"[430, 270, 580, 305]",Neel Iyer,Iyer,Neel,19790311,2013-11-12,2018-10-28,R3584461,CAN,F,train
SD_00990,authentic/SD_00990_authentic.jpg,manipulated/SD_00990_compression.jpg,compression,"[0, 0, 700, 455]",Tara Mehta,Mehta,Tara,19800710,2022-04-01,2032-05-28,I9791279,AUS,F,test
SD_00991,authentic/SD_00991_authentic.jpg,manipulated/SD_00991_mixed.jpg,mixed,"[45, 100, 650, 250]",Aarav Verma,Verma,Aarav,19810206,2017-01-11,2022-11-20,O8713752,AUS,M,train
SD_00992,authentic/SD_00992_authentic.jpg,manipulated/SD_00992_text_change.jpg,text_change,"[205, 150, 650, 173]",Kabir Verma,Verma,Kabir,19711125,2022-02-05,2032-07-24,Z0832004,AUS,F,test
SD_00993,authentic/SD_00993_authentic.jpg,manipulated/SD_00993_photo_change.jpg,photo_change,"[45, 100, 165, 250]",Sara Iyer,Iyer,Sara,20021015,2024-06-22,2029-12-24,X5852386,IND,M,train
SD_00994,authentic/SD_00994_authentic.jpg,manipulated/SD_00994_number_change.jpg,number_change,"[205, 188, 650, 211]",Ishaan Sharma,Sharma,Ishaan,19870413,2014-11-03,2024-02-15,C5239102,SGP,M,test
SD_00995,authentic/SD_00995_authentic.jpg,manipulated/SD_00995_date_change.jpg,date_change,"[205, 264, 650, 287]",Ira Kulkarni,Kulkarni,Ira,19710507,2011-08-09,2016-01-20,G0967139,CAN,M,train
SD_00996,authentic/SD_00996_authentic.jpg,manipulated/SD_00996_copy_paste.jpg,copy_paste,"[205, 140, 500, 175]",Kabir Joshi,Joshi,Kabir,19730324,2020-03-04,2025-03-04,V7672019,SGP,M,train
SD_00997,authentic/SD_00997_authentic.jpg,manipulated/SD_00997_clone.jpg,clone,"[430, 270, 580, 305]",Arjun Patel,Patel,Arjun,19940205,2018-03-02,2023-10-24,B7258733,AUS,M,train
SD_00998,authentic/SD_00998_authentic.jpg,manipulated/SD_00998_compression.jpg,compression,"[0, 0, 700, 455]",Vivaan Rao,Rao,Vivaan,19820711,2016-04-18,2021-11-06,O4812421,IND,F,validation
SD_00999,authentic/SD_00999_authentic.jpg,manipulated/SD_00999_mixed.jpg,mixed,"[45, 100, 650, 250]",Aarav Singh,Singh,Aarav,19950905,2023-06-28,2028-10-22,K2294620,AUS,M,validation
